state,city,name,phone,email,website,address,rating,reviews_count,services,certifications,audiences,service_area,lat,lng
Arizona,Apache Junction,Tank N Barrel,(480) 233-6463,,http://www.tanknbarrel.com/,"5205 S Desert View Dr, Apache Junction, AZ 85120",4.9,125,"['Water storage tanks', 'Water hauling tanks', 'Septic systems', 'Pump and pressure tank systems', 'Parts and fittings', 'Rainwater collection (gutter/roof method)', 'Water flow solutions', 'Pump and pressure tank combo systems', 'Gutter/roof rainwater collection', 'Vertical tanks (head pressure)']",,"Residential, Business",[],33.366843,-111.576347
Arizona,Dewey,Southwest Water Tanks,(928) 713-0010,,https://sw-tanks.com/,"588 S Cold Water Lane, Dewey, AZ 86327",5,6,"['potable water storage tanks', 'transport tanks', 'rainwater tanks', 'parts and accessories', 'product information and support', 'potable water storage', 'household water storage', 'transport tanks', 'rain harvesting']",,"Household, DIY",[],34.534031,-112.2366995
Arizona,Tucson,The Rain Store,(520) 222-7771,,https://therainstore.com/,"3248 E Grant Rd, Tucson, AZ 85716",4.9,17,"['rainwater harvesting supplies', 'rainwater harvesting equipment', 'rainwater harvesting systems', 'consultations', 'resources', 'garden irrigation', 'landscaping', 'water storage tanks', 'domestic applications']",,"Tucsonans, Homeowners, Gardeners, Community","['Tucson', 'Sonoran Desert']",32.2501123,-110.9233042
Arizona,Tucson,"Southern Arizona Rain Gutters, Inc.",(520) 299-7246,,https://www.southernarizonaraingutters.com/,"1627 N Stone Ave, Tucson, AZ 85705",4.7,418,"['rain gutters', 'fascia wraps', 'rainwater harvesting systems', 'gutter installation', 'tank and cistern supply', 'tank and cistern installation', 'custom system design', 'parts supply', 'portable water filtration (Lifesaver Jerrycan Filters)', 'cistern painting', 'seamless gutters', 'above ground plastic tanks', 'steel culvert cisterns', 'tanks 200 gallons to over 10', '000 gallons', 'rainwater harvesting systems']","Licensed & bonded, R.O.C. 326453, R.O.C. 326462","Residential, Commercial","['Tucson', 'Arizona', 'Southern Arizona']",32.2424019,-110.9720414
Arizona,Tucson,Arizona Sustainable Living,(520) 329-2929,,https://www.facebook.com/AZSustainableLiving/,"9121 E Camino Abril, Tucson, AZ 85747",4.9,30,[],,,"['Tucson', 'Arizona']",32.1026521,-110.7979086
Arizona,Tucson,EcoSense Sustainable Landscapes,(520) 575-7005,,https://www.ecosenseaz.com/,"4560 N La Cholla Blvd, Tucson, AZ 85705",4.7,70,"['landscape design', 'landscape installation', 'rainwater harvesting services', 'passive rainwater harvesting basins', 'native and arid-adapted plant installation', 'native tree planting', 'soil restoration', 'water budgeting', 'succulent planting', 'targeted seed blends', 'zero run-off property', 'passive rainwater harvesting basins', 'growing shade', 'native/arid-adapted plants', 'restoring disturbed soils', 'minimize reliance on irrigation', 'water budgeting']",,"clients with yards, common spaces, Tucsonans","['Tucson', 'Tucson basin', 'Sonoran Desert', 'Arizona']",32.2904307,-111.0114613
Arizona,Tucson,Arizona Gutter Pros,(520) 521-9004,,https://arizonagutterpros.com/,"7040 N Firenze Dr, Tucson, AZ 85704",4.8,16,"['seamless gutters systems', 'patio covers', 'drainage solutions', 'repairs']",,"government, residential, commercial offices",[],32.3361805,-110.9697545
Arizona,St Johns,"SJ Portables- St. Johns- Sheds, Containers & Tanks",(928) 321-1000,,https://www.shedscontainersandtanks.com/,"895 W Cleveland St, St Johns, AZ 85936",4.7,36,"['Portable buildings', 'Sheds', 'Cabins', 'Garages', 'Utility sheds', 'New shipping containers (one-trip)', 'Used shipping containers (cargo-worthy)', 'Water storage tanks', 'Sales', 'Delivery', 'Fully customizable portable buildings', 'One-trip new shipping containers', 'Cargo-worthy used shipping containers', 'Water storage tanks in stock']",,"Families, Businesses","['Alpine', 'Nutrioso', 'Greer', 'Show Low', 'Snowflake', 'Taylor', 'Pinetop', 'Lakeside', 'Whiteriver', 'Mc Nary', 'Vernon', 'Concho', 'Holbrook', 'Chambers', 'Sanders', 'St. Johns', 'Springerville', 'Eagar', 'Joseph City', 'Hunt', 'Lupton', 'Chinle', 'Sun Valley', 'Navajo Nation', 'Gallup', 'Ramah', 'Grants', 'Window Rock', 'Quemado', 'Luna', 'Magdalena', 'Datil', 'Reserve', 'Socorro', 'Silver City', 'Red Hill', 'Zuni', 'Pescado', 'Black Rock', 'Pine Hill', 'Pie Town', 'Omega', 'Tohatchi', 'Fence Lake', 'Arizona', 'New Mexico']",34.5068754,-109.3782974
Arizona,Tucson,Aqua Vets Phoenix,(480) 864-6205,,https://www.aquavetsaz.com/,,5,12,"['Rainwater harvesting system services', 'Yard drainage system services', 'Gutter installation services', 'System design', 'Rainwater harvesting', 'Specialty drainage', 'Gutters', 'Customizable systems', 'Water management solutions']",,"Home, Business","['Tucson', 'AZ']",33.2766146,-112.18749
Arizona,Tucson,"Desert Living, Inc.",(520) 907-2072,,http://desertlivingtucson.com/,,4.7,6,"['landscape design-build', 'landscape installation', 'rainwater harvesting', 'greywater harvesting', 'edible gardens', 'habitat creation', 'greenhouses', 'rainwater harvesting', 'greywater harvesting', 'edible gardens', 'habitat creation', 'greenhouses']",,Tucson residents,['Tucson'],31.9701219,-111.8908745
Arizona,Show Low,Continuous Raingutter Systems,(928) 532-1654,,https://www.showlowgaragedoor.com/,"35479 AZ-61, Show Low, AZ 85901",4.3,26,"['Rainwater harvesting', 'Rain gutter system installation', 'Initial consultation', 'Free customized estimate', 'Professional installation', 'Gardens', 'Landscaping', 'Orchards', 'House plants', 'Livestock', 'Household use']",,"Gardens, Landscaping, Orchards, House plants, Livestock, Household use","['Show Low', 'AZ']",34.292342,-109.805452
California,Rancho Cucamonga,Superior Tank,(800) 221-8265,,http://superiortank.com/,"9500 Lucas Ranch Rd, Rancho Cucamonga, CA 91730",3.4,14,"['water storage', 'oil storage', 'tank engineering', 'bolted & welded tank manufacturing', 'tank installation', 'bolted & welded steel storage tanks', 'tank engineering', 'tank manufacturing', 'safety inspections', 'safety meetings', 'Safety Managers']",22 nationally recognized certifications,,[],34.0804312,-117.5880235
California,Santa Rosa,"National Storage Tank, Inc.",(866) 968-0090,,https://www.nationalstoragetank.com/contacts/santa-rosa-ca/,"4137 Santa Rosa Ave, Santa Rosa, CA 95407",4.9,161,"['Bolted steel tanks', 'Above-ground fiberglass tanks', 'Plastic water tanks', 'Stainless steel storage tanks', 'Fire prevention tanks', 'Food-grade production and storage tanks', 'Rain harvesting tanks', 'Municipal and potable water tanks', 'Rainwater collection', 'Fire protection', 'Municipal potable water storage', 'Food-grade production and storage', 'Wastewater treatment', 'Chemical storage', 'Fermentation (winery/brewery)']","Compliant with local & state codes and standards, Meets ""non-toxic and safe for consumption"" requirements","Municipalities, Residential, Commercial, Industrial, Agriculture, Tourism, Technology, Education, Forestry, Airports & Seaports, Manufacturing, Healthcare, Hospitality, Government, Oil & Gas, Rural, Suburban, Small commercial","['Santa Rosa', 'Sonoma County', 'California']",38.3785068,-122.7147436
California,Lancaster,Wright Tank,(661) 948-1616,,https://wrighttank.com/,"42544 Valley Line Rd, Lancaster, CA 93535",2.7,9,"['Galvanized water storage tanks', 'Potable water tanks', 'Tank manufacturing', 'Tank delivery', 'Tank setup/installation', 'Gravel rings', 'First-grade galvanized steel construction', 'Solid seam welded tanks', 'State-of-the-art tank building and delivery equipment']",,,"['Central California', 'Southern California', 'Lancaster', 'CA']",34.6557033,-118.1289966
California,Napa County,Napa Sonoma Water Tanks,(916) 425-5205,,https://napasonomawatertanks.com/,,,,"['drinking water storage', 'fire protection tanks', 'vineyard solutions', 'water storage solutions', 'residential water storage', 'commercial water storage', 'onsite delivery and installation', 'crate delivery', 'accredited installation', 'fire connection options', 'AQUALINER Fresh antimicrobial tank liner', 'BPA-Free liner', 'NSF-61 certified liner', 'NFPA compliance', 'California Fire Code compliance', 'large capacity water storage', 'cost-effective capacities', 'Pioneer Water Tanks']","NSF-61, BPA-Free","Residential, Commercial, Vineyards","['Napa County', 'Sonoma County', 'California']",38.46878,-122.846947
California,Santa Cruz,Watermark H2O,(408) 690-7581,,https://watermarkh2o.com/,,5,2,"['Rain Water Collection Systems', 'Innovation', 'Integrity', 'Quality', 'Professional expertise']",,,"['Santa Cruz', 'California', 'California']",38.898041,-120.0651799
California,US,Tank Supply Corp,(909) 982-7742,,http://tanksupplyco.com/,,5,1,"['manufacturing equipment', 'distributing equipment', 'OEM parts', 'replacement parts', 'water sterilizers', 'air sterilizers', 'ultraviolet lamps', 'HEPA filtration', 'passive breather vents', 'in-line strainers', 'sanitary strainers', 'PAS System', 'HAV System', 'air and water sterilization', 'ultraviolet lamps', 'HEPA filtration', 'Passive Breather System', 'in-line strainers', 'sanitary strainers', 'PAS System', 'HAV System']",,"manufacturing, companies, operators of liquid ingredient tanks, sweetener system operators, hygienic applications","['US', 'Canada']",37.2695056,-119.306607
California,Ontario,Pumps by Design Inc.,,,http://www.pumpsbydesign.com/,"2045 S Baker Ave, Ontario, CA 91761",5,2,"['packaged pump stations', 'engineered pump stations', 'lift station solutions', 'wet well', 'valve vault', 'piping and fittings', 'control panels', 'level sensors', 'submersible pumps', 'access hatches', 'inlet hubs', 'water recycling', 'rain harvesting systems', 'booster packages', 'irrigation', 'constant pressure', 'pressure boosting', 'parts', 'complete skid systems', 'process pumps', 'slurry pumps', 'dewatering pumps', 'storm pumps', 'wastewater pumps', 'design services', 'pump selections', 'system curve calculations', 'pump station layouts', 'product submittals', 'installation', 'maintenance', 'stainless-steel hardware', 'customized water pump station solutions', 'water recycling', 'rain harvesting systems', 'energy efficiency', 'reliability', 'designing water pump stations', 'installing water pump stations', 'maintaining water pump stations']",,"Residential, Commercial, Industrial, property owner, contractor",[],34.0364088,-117.6142093
California,Napa,Napa Sonoma Water Tanks,(916) 425-5205,,https://napasonomawatertanks.com/,"1124 Foster Rd, Napa, CA 94558",,"['drinking water storage', 'fire protection tanks', 'vineyard solutions', 'water storage solutions', 'residential water storage', 'commercial water storage', 'onsite delivery and installation', 'crate delivery', 'accredited installation', 'fire connection options', 'AQUALINER Fresh antimicrobial tank liner', 'BPA-Free liner', 'NSF-61 certified liner', 'NFPA compliance', 'California Fire Code compliance', 'large capacity water storage', 'cost-effective capacities', 'Pioneer Water Tanks']","NSF-61, BPA-Free","Residential, Commercial, Vineyards","['Napa County', 'Sonoma County', 'California']",,38.46878,-122.846947
California,Big Bear Lake,Mountain Water Co,(909) 866-4765,,http://mountainwatercompany.com/,"41472 Mcwhinney Ln, Big Bear Lake, CA 92315",4.2,9,"['Bottled water', 'Bulk water delivery', 'Mountain fresh drinking water', 'On-site well source', 'Minimum 500 gallon delivery', '2000 gallon delivery', 'Extra charge for deliveries beyond 50 ft', 'No contracts', 'Serving mountain communities']",,Mountain communities,"['Big Bear Lake', 'California']",34.2415399,-116.8973141
California,Santa Cruz,Watermark H2O,(408) 690-7581,,https://watermarkh2o.com/,"303 Potrero St Suite 45-105, Santa Cruz, CA 95060",5,2,"['Rain Water Collection Systems', 'Innovation', 'Integrity', 'Quality', 'Professional expertise']",,,"['Santa Cruz', 'California', 'California']",38.898041,-120.0651799
California,Sacramento,Pioneer Water Tanks,(877) 223-7784,,https://pioneerwatertanksamerica.com/california-firefighting-water-tanks/,,1,1,"['water storage for fire protection', 'dual-use water storage for drinking water', 'sales service and installations in California', 'engineer-approved drawings', 'accessories and fittings', 'tank configuration for cyclonic and seismic conditions', 'firefighting adapters and nozzles', 'fire hose fittings', 'Zincalume® Steel', 'Colorbond® steel', 'AQUALINER® Fresh antimicrobial tank liner', 'hot-dipped galvanized steel trusses', 'galvanized high tensile 8.8 grade bolts', 'anti-vortex fittings', 'configured for cyclonic and seismic conditions']","NFPA 22, California Fire Code, California Building Standards Code, third-party tested","families, commercial, heavy industrial zones",['California'],39.8689815,-123.395119
California,Upland,Tank Supply Corp,(909) 982-7742,,http://tanksupplyco.com/,"850 S. Vineyard Ave, Upland, CA 91786",5,1,"['manufacturing equipment', 'distributing equipment', 'OEM parts', 'replacement parts', 'water sterilizers', 'air sterilizers', 'ultraviolet lamps', 'HEPA filtration', 'passive breather vents', 'in-line strainers', 'sanitary strainers', 'PAS System', 'HAV System', 'air and water sterilization', 'ultraviolet lamps', 'HEPA filtration', 'Passive Breather System', 'in-line strainers', 'sanitary strainers', 'PAS System', 'HAV System']",,"manufacturing, companies, operators of liquid ingredient tanks, sweetener system operators, hygienic applications","['US', 'Canada']",37.2695056,-119.306607
California,Santa Rosa,"Steel Core Tank, LLC.",(844) 225-0881,,http://www.steelcoretank.com/,"4137 Santa Rosa Ave, Santa Rosa, CA 95407",,,"['Corrugated bolted steel tanks', 'Potable water storage tanks', 'Fire suppression tanks', 'Wastewater management tanks', 'Rainwater and stormwater tanks', 'Agricultural tanks (wineries and vineyards)', 'Mining and fracking tanks', 'Tank liners', 'Tank accessories', 'Custom powder coating', 'Tank design', 'Installation', 'Quality control', 'corrugated bolted steel tanks', 'potable water storage tanks', 'fire suppression tanks', 'wastewater tanks', 'rainwater and stormwater tanks', 'agricultural tanks (wineries and vineyards)', 'mining and fracking tanks', 'NSF 61 liners', 'NFPA22 liners', 'tank accessories', 'custom powder coating', 'tank design', 'tank installation', 'quality control', 'Corrugated bolted steel tanks', 'Potable water solutions', 'Fire protection', 'Wastewater', 'Rainwater & stormwater', 'Agriculture (wineries and vineyards)', 'Mining & Fracking', 'Large-capacity tanks (700 to 6-Million gallons)', 'corrugated bolted steel tanks', 'potable water solutions', 'large-capacity tanks (700 to 6-million gallons)', 'NSF 61 liners', 'NFPA22 liners', 'custom powder coating', 'tank accessories']","NSF 61, NFPA22","Commercial, Industrial, Residential, Wineries and vineyards, Food processing plants, Agricultural, Mining and fracking industry, Fire protection buyers, Desperate and dry communities, residential, commercial, industrial, wineries, food processing plants, agriculture, mining, fracking, communities",[],38.3785068,-122.7147436
California,San Luis Obispo,Loomis Tank Center,(805) 473-7265,,https://www.loomistank.com/,"4554 Broad St #200, San Luis Obispo, CA 93401",5,5,"['Water tanks', 'Cisterns', 'Septic tanks', 'Leach field systems', 'Liquid storage tanks', 'Fluid transport tanks', 'Agricultural storage tanks', 'Sprayer tanks', 'Fluid management systems', 'Fiberglass tanks', 'Galvanized steel tanks', 'Polyethylene/plastic tanks', 'Infiltrator leach field systems', 'Rock-free leach field systems', 'ATU-compatible septic tanks', 'Agricultural fluid storage and transport']",,"Contractors, Homeowners, Farmers, Ranchers, Industrial engineers, Governments, Municipalities, Businesses","['California', 'Los Angeles County', 'San Luis Obispo']",35.2409651,-120.6373347
California,Santa Rosa,National Poly Tanks,(866) 959-7593,,https://nationalpolytanks.com/pages/contact,"4137 Santa Rosa Ave, Santa Rosa, CA 95407",,,[],,,"['Santa Rosa', 'California', 'Lincoln', 'Nebraska', 'Philippi', 'West Virginia', 'Marked Tree', 'Arkansas', 'Chowchilla', 'California', 'Mancelona', 'Michigan', 'Bensenville', 'Illinois', 'West Chicago', 'Illinois', 'Houston', 'Texas']",38.3784921,-122.7147404
California,Scotts Valley,Pure Valley Water,(831) 438-6400,purevalleywater@gmail.com,http://www.purevalleywater.net/,"224 Mt Hermon Rd Suite A, Scotts Valley, CA 95066",4.7,68,"['Reverse Osmosis', 'Softening and Conditioning', 'Ozone Treatment', 'Tankless Water Heaters', 'Water Pumping Systems', 'Storage Tanks', 'Water Testing', 'System maintenance', 'Commercial water treatment', 'Purified water vending (by-the-gallon)', 'Water plans', 'Pumps', 'UV light systems', 'Water Coolers', 'Triple O systems for storage tanks', 'Municipal water treatment', 'Well water treatment', 'Environmentally friendly treatment technologies', 'Water softener systems', 'Reverse Osmosis systems']","Authorized Dealer of Puronics, licensed and bonded","Residential, Commercial, Coffee Shops, Restaurants, Office Buildings, Hotels","['Scotts Valley', 'Santa Cruz', 'Monterey', 'San Fransisco', 'Carmel']",37.0479899,-122.0276654
California,Santa Rosa,National Tank,(707) 237-5330,,https://nationaltank.com/,"4137 Santa Rosa Ave, Santa Rosa, CA 95407",,,"['Water storage tanks', 'Snyder Water Storage Tanks', 'National shipping resources', 'Irrigation tanks', 'Potable water tanks', 'Fire protection tanks', 'Septic tanks', 'Cisterns', 'Underground Fiberglass tanks', 'Commercial-grade tanks', 'Poly', 'Septic Tanks', 'Cisterns', 'Underground Fiberglass tanks', 'Commercial-grade tanks']",,,['US'],38.3784921,-122.7147404
California,Oak View,The ECO Store,(805) 500-5636,erica.ecologicalsystems@gmail.com,https://www.theecostoreonline.com/,"460 N Ventura Ave, Oak View, CA 93022",4.8,66,"['Water filtration systems', 'Home water purification services', 'Refill stations', 'Backup power systems', 'Home standby generators', 'Solar-powered generators', 'Portable generators', 'Electric bikes', 'Off-grid solar systems', 'Hybrid solar energy systems', 'On-grid solar power solutions', 'Rainwater harvesting systems', 'Rainwater collection tanks', 'Sustainable water harvesting solutions', 'Rainwater collection tanks', 'Refill stations', 'Home standby generators', 'Solar-powered generators', 'Portable generators', 'Electric bikes', 'Off-grid solar systems', 'Hybrid solar energy systems', 'On-grid solar power solutions', 'Water filtration systems']",,"Home, Business, Commuters, Those seeking total energy independence",[],34.3939168,-119.3005105
California,Half Moon Bay,The Water Folk,(707) 234-5009,,http://www.thewaterfolk.com/,,4.9,12,"['Rain catchment systems', 'Greywater systems', 'Water conscious landscaping', 'Water mitigation', 'Fire prevention', 'Residential water systems consultation', 'Commercial water systems consultation', 'Laundry-to-landscape (L2L) systems', 'Rainwater harvesting', 'Water retention landscapes', 'Basins', 'Diversion swales', 'Check dams', 'Permaculture-based approach', 'Watershed health assessment', 'Water infiltration assessment']",,"Residential, Commercial","['Sonoma County', 'Northern California', 'Half Moon Bay', 'California']",37.878638,-122.4203375
California,Orange,Roto Dynamics Inc.,(877) 768-6585,,http://www.rotodynamics.com/,"1925 N Lime St, Orange, CA 92865",4.4,7,"['Design', 'Product development', 'Mold making', 'Rotational molding', 'Prototype assembly', 'Machining', 'CNC tooling', 'Fabricated rotomolding tools', 'Warehousing', 'Blanket order fulfillment', 'Logistics', 'Drop ship', 'Post-operation assembly', 'Biaxial rotational molding machines', 'CNC machined rotational molding tools', 'Fabricated rotomolding tools', 'High quality resins', 'Lean manufacturing', 'Production volumes of 50 to 20', '000 units per year', '30', '000 sq.ft. facility', 'Secured covered outdoor storage', 'Own trucks', 'Relationships with 3PLs']",,"Medical devices, Aerospace products, Innovative companies nationwide",[],33.8195719,-117.8635724
California,,Permasystems,(760) 440-7676,,http://www.permasystems.org/,,,,"['Consulting and Design', 'Building and Construction', 'Maintenance and Repair', 'Education', 'In-home consultations', 'Rainwater harvesting systems', 'Greywater systems', 'Landscape design', 'Building with repurposed materials', 'Rainwater harvesting systems', 'Greywater systems', 'Building with repurposed materials', 'Landscape design', 'Ecologically designed systems']",,New customers,[],32.8731994,-116.93227
California,Sacramento,Pioneer Water Tanks,(877) 223-7784,,https://pioneerwatertanksamerica.com/california-firefighting-water-tanks/,"4740 Northgate Blvd #160, Sacramento, CA 95834",1,1,"['water storage for fire protection', 'dual-use water storage for drinking water', 'sales service and installations in California', 'engineer-approved drawings', 'accessories and fittings', 'tank configuration for cyclonic and seismic conditions', 'firefighting adapters and nozzles', 'fire hose fittings', 'Zincalume® Steel', 'Colorbond® steel', 'AQUALINER® Fresh antimicrobial tank liner', 'hot-dipped galvanized steel trusses', 'galvanized high tensile 8.8 grade bolts', 'anti-vortex fittings', 'configured for cyclonic and seismic conditions']","NFPA 22, California Fire Code, California Building Standards Code, third-party tested","families, commercial, heavy industrial zones",['California'],39.8689815,-123.395119
California,Sacramento,SoCal Water$mart,(888) 376-3314,"socalwatersmart@egia.org, LTPrebates@egia.org, TRPrebates@egia.org",https://socalwatersmart.com/en/residential/,"3800 Watt Ave #105, Sacramento, CA 95821",1,1,"['Turf replacement program', 'High-efficiency clothes washer rebates', 'Premium high-efficiency toilet rebates', 'Rotating sprinkler nozzle rebates', 'Rain barrel and cistern rebates', 'Weather-based irrigation controller rebates', 'Rebate eligibility verification', 'Online rebate application', 'Rebate processing (no indoor inspections required)', 'Water conservation how-to tips', 'Turf replacement', 'High-efficiency clothes washers', 'Premium high-efficiency toilets', 'Rotating sprinkler nozzles', 'Rain barrels and cisterns', 'Weather-based irrigation controllers']","CEE Tier 1, WaterSense",Residential,[],38.6346801,-121.3817357
California,Anza,Discount Water Tanks Inc,(619) 600-7777,,https://discountwatertankinc.com/,"56070 Cahuilla Rd, Anza, CA 92543",2.4,5,"['Freshwater storage', 'Potable water storage', 'Hot water storage', 'Rainwater collection', 'Water distribution systems', 'Above ground tanks', 'Underground tanks', 'Polyethylene Water Tanks', 'Galvanized Steel Water Tanks', 'Fire Protection Water Tanks', 'Polypropylene Water Tanks', 'Water pumps', 'Well pumps', 'Water storage systems', 'Rainwater collection', 'Fire protection water storage', 'Agricultural water storage', 'UV stabilized polyethylene tanks', 'BPA-free polyethylene resin', 'Green opaque tanks', 'Above ground tanks', 'Underground tanks']","FDA standards 21 CFR 177.1520 (1) 3.1 and 3.2, ANSI/NSF Standard 61, Compliant with Local, State, and National standards for Fire Protection","Fire industry, Agricultural industry","['San Diego County', 'Riverside County']",33.555845,-116.6820865
California,Signal Hill,"CRP Tank Specialties, Inc.",(855) 999-7345,irelands@crptankspecialties.com,http://crptankspecialties.com/,"3300 E 19th St, Signal Hill, CA 90755",,,"['Radiused tank adapters', 'Radiused side manways', 'Fiberglass manways', '8"" HDPE mushroom vents', 'Ladders', 'VentMaster fume scrubbers', 'Manufacturer-specific fittings and accessories', 'Custom units', 'High-performance poly tank fittings', 'Radiused tank adapters', 'Radiused side manways', 'Fiberglass and stainless steel manways', '8"" HDPE mushroom vents with HDPE bird screen', 'OSHA-compliant ladders for rotationally molded PE tanks', 'VentMaster fume scrubbers (VentMaster 155)', 'Manufacturer-specific fittings']","U.S. Patent no. 9, 464, 745",,[],33.7915122,-118.1526953
California,Santa Rosa,"Steel Core Tank, LLC.",(844) 225-0881,,http://www.steelcoretank.com/,"4137 Santa Rosa Ave, Santa Rosa, CA 95407",,"['Corrugated bolted steel tanks', 'Potable water storage tanks', 'Fire suppression tanks', 'Wastewater management tanks', 'Rainwater and stormwater tanks', 'Agricultural tanks (wineries and vineyards)', 'Mining and fracking tanks', 'Tank liners', 'Tank accessories', 'Custom powder coating', 'Tank design', 'Installation', 'Quality control', 'corrugated bolted steel tanks', 'potable water storage tanks', 'fire suppression tanks', 'wastewater tanks', 'rainwater and stormwater tanks', 'agricultural tanks (wineries and vineyards)', 'mining and fracking tanks', 'NSF 61 liners', 'NFPA22 liners', 'tank accessories', 'custom powder coating', 'tank design', 'tank installation', 'quality control', 'Corrugated bolted steel tanks', 'Potable water solutions', 'Fire protection', 'Wastewater', 'Rainwater & stormwater', 'Agriculture (wineries and vineyards)', 'Mining & Fracking', 'Large-capacity tanks (700 to 6-Million gallons)', 'corrugated bolted steel tanks', 'potable water solutions', 'large-capacity tanks (700 to 6-million gallons)', 'NSF 61 liners', 'NFPA22 liners', 'custom powder coating', 'tank accessories']","NSF 61, NFPA22","Commercial, Industrial, Residential, Wineries and vineyards, Food processing plants, Agricultural, Mining and fracking industry, Fire protection buyers, Desperate and dry communities, residential, commercial, industrial, wineries, food processing plants, agriculture, mining, fracking, communities",[],,38.3785068,-122.7147436
California,Sacramento,Steel Core Tank,(844) 225-0881,,https://steelcoretank.com/?utm_source=google&utm_medium=organic&utm_term=gbp-listing,"2740 Fulton Ave, Sacramento, CA 95821",,,"['corrugated bolted steel tanks', 'potable water storage', 'fire suppression tanks', 'wastewater management', 'rainwater and stormwater tanks', 'agriculture tanks (wineries and vineyards)', 'mining and fracking tanks', 'tank liners', 'tank accessories', 'powder coating', 'design and installation', 'quality control', 'dealer sales', 'Manufacture of corrugated bolted steel tanks', 'Potable water storage tanks', 'Fire suppression tanks', 'Wastewater tanks', 'Rainwater & stormwater tanks', 'Agricultural tanks', 'Mining & fracking tanks', 'Tank liners', 'Tank accessories', 'Custom powder coating', 'Design to installation and quality control', 'Dealer network sales', 'corrugated bolted steel tanks', 'potable water solutions', 'fire protection', 'wastewater', 'rainwater and stormwater', 'NSF 61 liners', 'NFPA22 liners', 'custom powder coating', 'Corrugated bolted steel tanks', 'Potable water solutions', '700-gallon to 6-million-gallon tanks', 'Custom powder coating']","NSF 61, NFPA22","commercial, industrial, residential, wineries, vineyards, food processing plants, agriculture, mining and fracking industry, communities, Commercial, Industrial, Residential, Agriculture, Wineries, Vineyards, Food processing plants, Mining and Fracking industry, Fire protection, Desperate and dry communities",[],38.6151553,-121.4009424
California,Alpine,Tim Guishard Enterprises,(619) 589-9433,,http://timswatersolutions.net/,"3508 Alpine Blvd, Alpine, CA 91901",4.5,4,"['Water storage tanks', 'Water system design', 'Water system installation', 'Water system maintenance', 'Water system testing', 'Water system monitoring', 'Quality products', 'Design of water systems']","AWWA Certified General Backflow Prevention Assembly Tester, Cross Connection Control Specialist, Backflow Proctor, California State Certified Water Distribution/Treatment System Operators, State of California Licensed Pump and Machinery Contractor, Contractors License #: 536469, Contractors License Classification: C61/D21","Residential, Commercial","['Alpine CA', 'San Diego County']",32.8342405,-116.7382039
California,San Jose,Ambience Garden Design Inc,(408) 990-6999,"tina@gardendezine.com, ambiencegardendesign@gmail.com",https://www.gardendezine.com/,"1618 Willowhurst Ave, San Jose, CA 95125",5,1,"['Design & 3D Visualization', 'Installation', 'Rainwater Harvesting', 'Patios & Decks', 'Low Voltage Lighting', 'Walls & Fences', 'Water Features', 'Furnishings', 'Landscape architecture', '3D visualization', 'Rainwater harvesting', 'Drought-tolerant planting', 'Irrigation system repair']",,,"['Sunnyvale', 'CA', 'San Jose', 'CA']",37.2933107,-121.9143279
California,Santa Rosa,National Poly Tanks,(866) 959-7593,,https://nationalpolytanks.com/pages/contact,"4137 Santa Rosa Ave, Santa Rosa, CA 95407",,,[],,,"['Santa Rosa', 'California', 'Lincoln', 'Nebraska', 'Philippi', 'West Virginia', 'Marked Tree', 'Arkansas', 'Chowchilla', 'California', 'Mancelona', 'Michigan', 'Bensenville', 'Illinois', 'West Chicago', 'Illinois', 'Houston', 'Texas']",38.3784921,-122.7147404
California,Los Angeles,Fire Protection Tanks,(213) 286-3380,sales@fireprotectiontanks.com,https://fireprotectiontanks.com/,"10880 Wilshire Blvd Suite 1101, Los Angeles, CA 90024",,,"['Storage tanks', 'Potable water tanks', 'Fire protection water storage tanks', 'Fire suppression tanks', 'Poly tanks', 'Corrugated bolted steel tanks', 'Bolted steel tanks', 'Shop-built steel tanks', 'On-site built tanks', 'Tank assessments', 'Engineering reports', 'Installations', 'Potable water tanks', 'Fire protection water storage', 'Fire suppression', 'Agricultural water storage', 'Corrugated bolted steel tanks']","NFPA22, AWWA, CBC2016, NSF 61","Commercial, Residential, Agriculture, Farms, Ranches","['California', 'Oregon', 'Washington', 'Idaho', 'Utah']",34.0598898,-118.4443139
California,Torrance,Aqua-Flo Supply,(310) 782-0355,,https://www.aquaflo.com/torrance-1,"2137 Dominguez St, Torrance, CA 90501",4.9,38,['delivery'],,customers,"['Torrance', 'CA', 'Palos Verdes', 'Redondo Beach', 'Carson']",33.8412033,-118.3206367
California,Santa Rosa,National Tank,(707) 237-5330,,https://nationaltank.com/,"4137 Santa Rosa Ave, Santa Rosa, CA 95407",,"['Water storage tanks', 'Snyder Water Storage Tanks', 'National shipping resources', 'Irrigation tanks', 'Potable water tanks', 'Fire protection tanks', 'Septic tanks', 'Cisterns', 'Underground Fiberglass tanks', 'Commercial-grade tanks', 'Poly', 'Septic Tanks', 'Cisterns', 'Underground Fiberglass tanks', 'Commercial-grade tanks']",,,['US'],,38.3784921,-122.7147404
California,Julian,Permasystems,(760) 440-7676,,http://www.permasystems.org/,"PO Box 1623, Julian, CA 92036",,"['Consulting and Design', 'Building and Construction', 'Maintenance and Repair', 'Education', 'In-home consultations', 'Rainwater harvesting systems', 'Greywater systems', 'Landscape design', 'Building with repurposed materials', 'Rainwater harvesting systems', 'Greywater systems', 'Building with repurposed materials', 'Landscape design', 'Ecologically designed systems']",,New customers,[],,32.8731994,-116.93227
California,Paso Robles,A-1 Tank LLC,(805) 238-4431,,https://a1tank.com/,"1861 N River Rd, Paso Robles, CA 93446",5,1,"['Galvanized water storage tanks', 'Fire suppression water storage', 'Manufacture water storage tanks to meet local requirements', 'Galvanized steel tanks', 'Fire suppression water storage', 'Tanks meeting fire suppression requirements']",,"Homeowners, Agriculture, Public agencies",['California'],35.6341177,-120.6822656
California,Oakland,Dig Cooperative Inc.,(510) 560-4865,,http://www.dig.coop/,"2505 Magnolia St, Oakland, CA 94609",4.8,11,[],,,[],37.81836,-122.284279
California,Rancho Cordova,Fire Tank Pros,(830) 369-0399,,http://www.firetankpros.com/,"3309 Monier Cir Unit 1, Rancho Cordova, CA 95742",5,4,"['Fire protection water storage tanks', 'Sales', 'Service', 'Installations', 'Accessories and fittings', 'Engineering support for fire protection system design', 'Project management', 'NFPA requirements', 'FM requirements', 'Fire protection system design']",,,[],31.1689103,-100.0768425
California,Tehachapi,Shelby Pumps & Well Service Inc.,(661) 520-2221,,http://shelbypumps.com/,,5,4,"['Design of water well equipment', 'Installation of water well pumps', 'Repair of water well equipment', 'Service and maintenance of water well equipment', 'Water storage', '24 Hour Emergency Service', 'No Water', 'Low Pressure', 'Variable Pressure', 'Broken Pipes', 'Bad Pressure Tank', 'Leaking Storage Tank', 'Pump installation', 'Water storage']",,,['Kern County'],35.128353,-118.494779
California,Rancho Cordova,Galvanized Water Tanks,(877) 223-7784,,https://galvanizedwatertanks.com/,"3309 Monier Cir Unit 1, Rancho Cordova, CA 95742",,,"['Prefabricated water storage tanks', 'Configurable water storage tanks', 'Onsite delivery', 'Installation', 'Water storage solutions', 'Bolt-together modular design', 'NSF-61 certified tank liner', 'Lightweight yet durable tanks', 'Configurable tank capacities']",NSF-61,"Residential, Commercial, Industrial",[],33.2029055,-102.2281545
Colorado,Fort Collins,Colorado Rain Catcher,(970) 556-8441,,http://www.coloradoraincatcher.com/,,5,5,"['Rain barrels', 'DIY kits']",,,[],40.4573955,-104.884327
Connecticut,Greenwich,CT Stormwater Authority LLC,(203) 951-6466,,https://www.ctstormwater.com/,,5,14,"['CULTEC infiltration chambers', 'CULTEC system installation', 'stormwater management systems', 'dry well installation', 'yard drains', 'French drains', 'trench drains', 'driveway trench drains', 'gutter downspout extensions', 'downspout tie-ins', 'foundation drainage systems', 'outdoor sump pumps', 'sump pump tie-ins', 'infiltrator chambers', 'catch basins', 'inspections', 'maintenance', 'repairs', 'basement water removal', 'CULTEC infiltration chambers', 'stormwater management systems', 'dry well installation', 'yard drainage solutions']","CULTEC Certified Installer, CULTEC Certified Maintenance Provider","Residential, Commercial","['Fairfield County', 'Connecticut', 'Westchester County', 'New York', 'Greenwich', 'Connecticut', 'Riverside', 'Connecticut', 'Stamford', 'Connecticut', 'Darien', 'Connecticut', 'New Canaan', 'Connecticut', 'Norwalk', 'Connecticut']",41.1332265,-73.514232
Florida,Hollywood,"Protank Water Tanks, Septic, Pressure Washer, Mobile Detailing - Miami / Fort Lauderdale",(866) 345-0695,,https://protank.com/miami,"4816 Pembroke Rd, Hollywood, FL 33021",4.7,46,"['Plastic tanks', 'Water tanks']",,,"['Miami', 'Ft. Lauderdale']",25.995153,-80.1922795
Florida,Sebastian,One Clarion,(863) 261-8388,,https://www.oneclarion.com/,"1511 U.S. Rte 1, Sebastian, FL 32958",4.3,11,"['Bulk storage tanks', 'Corrugated steel tanks', 'Plastic poly tanks', 'Fiberglass tanks', 'Oil tanks', 'Water trailers and skids', 'Fuel trailers', 'Water wagons', 'Water Tanks', 'Chemical Tanks', 'Double Wall Tanks', 'Containment Tanks', 'Cone Bottom Tanks', 'Below Ground Tanks', 'Custom Tanks', 'Horizontal Tanks', 'Open Top Tanks', 'Sceptic Tanks', 'Industrial plastic pipe', 'Valves', 'Fittings', 'Pumps', 'Irrigation', 'Fire suppression', 'Water transport', 'Water storage', 'Food production', 'Wineries', 'Agriculture', 'Chemical industries']",,"Food production, Wineries, Agriculture, Chemical industries",[],27.8198746,-80.471852
Florida,Deerfield Beach,EnviroConcepts & Services Inc.,(561) 703-0909,,http://www.enviroconcepts.net/,"212 E Hillsboro Blvd #231, Deerfield Beach, FL 33443",5,4,"['water purification system installation', 'water purification system servicing', 'water treatment services', 'maintenance of advanced systems', 'water purification', 'water treatment', 'advanced systems']",,"Residential, Commercial",['South Florida'],26.3181358,-80.099496
Florida,Lynn Haven,South Coast Seamless Gutters,(850) 624-6569,,http://scsgllc3.dudaone.com/,"1601 Kentucky Ave, Lynn Haven, FL 32444",5,47,[],,,[],30.2343939,-85.6565674
Florida,Brooksville,Bucks Well Pump Repair,(352) 606-9104,,http://www.buckswellpumprepair.com/,"7161 Schering St, Brooksville, FL 34613",5,258,['Well pump repair'],,,"['Hernando County', 'Pasco County', 'Citrus County', 'Pinellas County']",28.5309646,-82.5848358
Georgia,Atlanta,Georgia Water Tanks,(404) 991-0404,,http://www.georgiawatertanks.com/,"3731 Northcrest Rd Suite 28, Atlanta, GA 30340",5,4,"['water tanks', 'pumps', 'filters', 'rainwater harvesting systems', 'design assistance', 'custom coordination drawings', 'commissioning', 'jobsite supervision', 'booster pumps', 'pressure tanks', 'fire protection water tanks', 'rainwater harvesting', 'stormwater management', 'downspout diverters', 'underground infiltrators', 'rainwater-to-potable systems', 'gray water treatment and reuse', 'booster pumps', 'pressure tanks']",,"Residential, Commercial, Trades","['Georgia', 'South Carolina', 'North Carolina', 'Bainbridge', 'Georgia', 'Atlanta', 'Georgia', 'Columbia', 'South Carolina', 'Asheville', 'North Carolina']",33.9001562,-84.2528205
Georgia,Cumming,RainHarvest Systems,(800) 654-9283,,http://www.rainharvest.com/,"4475 Alicia Ln, Cumming, GA 30028",4.8,8,"['water harvesting systems', 'water treatment systems', 'water reuse systems', 'preconfigured systems', 'custom system design', 'system components', 'cisterns', 'downspout filters', 'storage tanks', 'pumps', 'gravity systems', 'system controls', 'sediment filtration', 'UV disinfection', 'ozone purification']",,"Residential, Commercial, Industrial",['Continental U.S.'],34.2849578,-84.0807266
Georgia,Albany,"Newton Crouch Company, LLC",(229) 436-1110,,http://newtoncrouch.com/,"1110 Liberty Expy, Albany, GA 31705",5,7,"['Manufacturing equipment', 'Sales', 'Service', 'Spreaders', 'Fertilizer spreaders', 'Equipment parts', 'Pumps', 'Spray tips', 'Valves', 'Fittings', 'Precision components', 'Technical support', 'High quality equipment', 'Easy-to-use equipment', 'Accurate application', 'Low cost of ownership']",,"Growers, Farmers, Applicators, Dealers, Customers","['Malone', 'Florida', 'Florida']",31.5250494,-84.114684
Georgia,Hoschton,Climate Tanks,(678) 250-4430,,http://www.climatetanks.com/,"154 Pearl Industrial Ave, Hoschton, GA 30548",,,"['Glass fused to steel tanks and silos', 'Epoxy coated tanks', 'Powder coated tanks', 'Galvanized bolted steel tanks', 'Ancillaries and connections', 'Engineered tank solutions', 'Liquid storage and processing containment', 'Glass fused to steel', 'Epoxy coating', 'Powder coating', 'Galvanizing', 'Bolted steel tank construction']",,"Architects, Engineers, Construction companies, Consultants, Contractors, Customers",[],34.083992,-83.7400436
Hawaii,Captain Cook,Pacific Blue Catchment,(808) 650-7747,,https://www.pacificbluecatchment.org/,"82-6066 Mamalahoa Hwy Ste 12, Captain Cook, HI 96704",5,101,"['Rainwater harvesting systems', 'Irrigation systems', 'Drainage improvements', 'Landscape solutions', 'Installation services', 'Design services', 'Consulting services', 'Water conservation system design/build', 'Rainwater harvesting systems', 'Water conservation system design/build']",,,"['Kona', 'Big Island of Hawaii', 'Hawaii']",19.4874243,-155.9065095
Hawaii,Kailua-Kona,LightManufacturing,(808) 825-4738,,https://bigisland.lm.solar/,"73-977 Makako Bay Dr, Kailua-Kona, HI 96740",4.2,10,"['Water tanks', 'Rainwater catchment', 'Potable water storage', 'UV Stabilized', 'UV8 laboratory rating', 'Algae resistant', 'Impact resistant', 'FDA-grade materials', 'Molded using 100% solar thermal energy', 'Zero carbon emissions', 'Locally produced']","FDA compliance (21 CFR 177.1520 (1) 3.1 and 3.2), Laboratory rating UV8","Home, Business","['Big Island', 'Hawaii']",19.7283758,-156.0601804
Hawaii,Hilo,Katchment Kleaners LLC,(808) 443-8646,,http://www.katchmentkleaners.com/,,5,120,"['Catchment tank cleaning', 'Floating inlet / floating suction', 'Equipment replacement', 'Anti-bacterial water filtration installation', 'Liner replacement', 'System inspection', 'Installation', 'Testing', 'Water conditioning', 'Pump and pressure tank servicing', 'Filter replacement', 'Generator-powered service', 'Brushing and sanitizing tank sidewalls', 'Skimming floating debris', 'Vacuuming sediment', 'Floating inlet installation', 'Anti-bacterial filtration (Quantum Disinfection™ by Clairify)', '25 mil liners', '30 mil liners', 'Oxidizer addition', 'Mineral stabilizers', 'Off-grid generator service', 'Replacement of stainless steel clamps and strainer bags']","Licensed, Insured","Residential, Off-grid homes","['East Hawaiʻi', 'Hilo', 'Keaau', 'Pāhoa', 'Volcano', 'Puna', ""Eastern Ka'u"", 'Hamakua']",19.627755,-155.3258475
Illinois,Downers Grove,Turborain,(331) 777-5701,,http://turborain.com/,"200 Foxfire Ct, Downers Grove, IL 60515",,,"['self contained programmable pump', 'rainwater pumping for drip irrigation', 'solar-powered pump system', 'programmable automatic timer', '12v DC pump', '3.0 gallons per minute at 40psi', '18-amp hour battery', '20-watt solar panel', 'solar charge controller', 'programmable automatic timer', 'pulls water from bottom of tank and outputs at top']",,"garden, plants, property",[],41.8110332,-87.9907896
Iowa,Des Moines,Barrels Iowa,(515) 966-4610,,http://rain.barrelsiowa.com/,"2517 Boyd St, Des Moines, IA 50317",5,31,"['Custom-built rain barrels', 'Installation', 'Replacement parts', 'Downspout diverters', 'Outflow options', 'Quotes for city rebate', 'Custom-built rain barrels', 'Downspout diverters', 'Best Downspout Diverter', 'Quarter turn high flow diverter', 'Twin rain barrel setups', 'Replacement parts']",,Homes,"['Des Moines', 'Iowa']",41.6211023,-93.5698867
Iowa,Fort Dodge,Ironclad Environmental Solutions,(612) 352-6642,,https://www.ironcladenvironmental.com/,"2277 120th St, Fort Dodge, IA 50501",3,2,"['Waste collection', 'Liquid containment', 'Transportation', 'Equipment rentals', 'Hydrotesting', 'Water testing of assets', 'On-site consultation and specialty services', 'Asset maintenance', 'Waste management services', 'Poly Cube', 'High density cross-linked polyethylene', 'Hydrotested assets', 'Steel tanks', 'Bag filters', 'Tanker trailers', 'Specialty containment assets']",,"Refining industry, Petrochemical industry, Environmental industry, Manufacturing, Construction",['San Diego'],42.6177918,-94.1920646
Iowa,Iowa City,Sustainable Landscape Solutions,(319) 359-0200,,http://www.sustainablelandscapesolutions.org/,"17 E Benton St, Iowa City, IA 52240",4.9,61,"['Native landscaping installation and maintenance', 'Hardscape installation (patios and retaining walls)', 'Rain gardens and rain barrels', 'Permeable pavers (patios and driveways)', 'Timber Stand Improvement', 'Bioswales and bioretention cells', 'Prairie and wetland work', 'Soil quality restoration', 'Custom concrete edging', 'In-house design team', 'Sustainable practices', 'Restoring and creating pollinator habitat', 'Planting trees', 'Native plants', 'Improving water quality', 'Improving soil quality', 'Reducing stormwater runoff', 'Enhancing native forest quality']",,"Residential, Commercial",[],41.6500766,-91.5357436
Kansas,Westmoreland,Flint Hills Water Solutions LLC,(785) 410-9337,,http://www.fhwsllc.com/,"208A Main St Box 283, Westmoreland, KS 66549",5,8,"['House well repair', 'Stock well repair', 'Sales of water well equipment', 'Stock tank services', 'Large rubber tire tanks', 'Feedlot water systems', 'Solar powered water pumps', 'Water well plugging', 'Water line installation', 'Pumps and pressure tanks', 'New water system installation', 'Installing Ritchie Automatic Waterers', 'Well drilling', 'Large rubber tire tanks', 'Solar powered water pumps', 'Installing Ritchie Automatic Waterers', 'Feedlot water systems', 'Stock tank services']",,,"['Salina', 'Lawrence', 'Independence', 'Kansas', 'Nebraska']",39.393456,-96.414036
Kansas,Hiawatha,Bestway Ag - Sprayers & Crop Equipment,(785) 742-2949,,https://www.bestwayag.com/,"2021 Iowa St, Hiawatha, KS 66434",3.7,6,"['sprayers', 'spray equipment', 'solid construction', 'simple operations', 'easy maintenance']",,Agriculture,[],39.847948,-95.5610516
Kentucky,Lexington,Kentucky Irrigation Co. LLC,(859) 254-7022,,http://kentuckyirrigation.com/,"696 Blue Sky Pkwy, Lexington, KY 40509",4.6,5,"['T-L pivots', 'T-L irrigation systems', 'center pivot irrigation', 'hydraulic technology', 'hydraulic T-L', 'precise watering techniques', 'micro climate for coffee', 'maintenance-free']",,"Farmers, Crops, Coffee","['Lexington', 'Branchville', 'South Carolina', 'Belzoni', 'Mississippi', 'Republic', 'Kansas', 'Allendale', 'Illinois', 'Vincennes', 'Indiana', 'Fort Garland', 'Colorado', 'Ephraim', 'Utah', 'Ropesville', 'Texas', 'Floydada', 'Texas', 'Strawn', 'Illinois', 'Laurinburg', 'North Carolina', 'Rift Valley', 'Zambia', 'Rock Port', 'Missouri', 'Holdrege', 'Nebraska', 'North Judson', 'Indiana', 'Willows', 'California', 'Muskegon County', 'Michigan', 'Pingree', 'Idaho', 'Laverne', 'Oklahoma']",37.9580118,-84.37791
Maine,Brunswick,"The Water Doctors , LLC",(207) 443-8080,,http://www.thewaterdoctorsofmaine.com/,"361 Bath Rd, Brunswick, ME 04011",3,2,"['Water treatment & filtration systems', 'Whole house filtration', 'Point-of-use drinking water filtration', 'Water softeners', 'Ion exchange systems', 'Iron filtration', 'Multiple filter types', 'Under- and above-ground salt systems', 'Reverse osmosis (RO) systems', 'Water pressure boosting systems', 'Low-yield well storage and delivery systems', 'Rain water collection', 'UV lights', 'Pumps', 'Storage tanks', 'Proportional chemical injection', 'Membrane separation', 'Custom-built commercial and industrial water treatment equipment', 'System sizing and build-to-order', 'Service and maintenance', 'Radon mitigation (air and water)', 'Real estate transaction radon mitigation', 'Custom-built water treatment systems', 'Low-yield well storage and delivery systems', 'Rain water collection', 'Whole house and point-of-use drinking water filtration']",State of Maine registered radon mitigation service (air and water),"Residential, Commercial, Industrial, Real estate transactions","['Coastal Maine', 'Central Maine']",43.9132111,-69.8875206
Maryland,White Marsh,"Hillcrest Pipe Sales and Construction Supplies, Inc",(410) 335-3510,,https://www.hillcrestpipesales.com/,"11509 Pulaski Hwy, White Marsh, MD 21162",4.5,11,"['customer service', 'quality stock on site', 'custom drainage fabrication', 'custom drainage fabrication']",,,[],39.3977017,-76.4040663
Massachusetts,Newton,"Titan Excavating, Inc",(781) 703-5888,,http://www.titanexcavatinginc.com/,"624 Commonwealth Ave, Newton, MA 02459",5,4,"['General demolition', 'Site work', 'Excavation', 'Trucking and hauling', 'Sewer services', 'Utility installation', 'Clearing', 'Grubbing', 'Grading', 'Tank removal or re-use', 'Dig out and haul away contaminated soil', 'Set elevation benchmarks', 'Install new drain field', 'Loam', 'grade and seed over drain field area and tank', 'Catch Basins', 'Inlets', 'Manholes', 'Channel Drains', 'Down Spouts / Leaders', 'Pipe Work', 'Catch Basin Adjustments & Cleaning', 'Foundation Waterproofing', 'Underdrain', 'Detention centers', 'Retention centers', 'Sitework', 'Septic', 'Drainage', 'Excavation']","Licensed, Insured",,"['Newton', 'MA']",42.3360042,-71.19276
Michigan,Taylor,mirainbarrel,(248) 417-8660,,http://mirainbarrel.com/,"25911 Northline Commerce Dr Suite 303, Taylor, MI 48180",5,5,"['Rain Barrels', 'Upcycled (Reclaimed) Wood Rain Barrel Stands', 'Catch-A-Raindrop Diverter', 'Premium DIY Rain Barrels', 'Mosquito Dunks', 'Virtual Workshop', 'Rain Barrel Workshops', 'Handcrafted Bourbon Barrel Bottle Opener', 'Previously used food grade drums', 'Upcycled (reclaimed) wood stands', 'Upcycled bourbon barrels', 'Rainwater harvesting education']",,"Gardeners, Kids, Residents, Homeowners, Metro-Detroiters","['Ferndale', 'Detroit', 'Berkley', 'Michigan']",42.2083225,-83.2898265
Missouri,Camdenton,Fiberglass Tank Solutions,(573) 317-9620,,https://fgtsolutions.com/,"436 MO-7, Camdenton, MO 65020",4.8,4,"['standard water storage solutions', 'custom water storage solutions', 'underground water storage tanks', 'custom fiberglass tanks', 'lift stations', 'custom-built solutions', 'fiberglass tanks', 'fiberglass-reinforced plastics (FRP)']",,"industries, applications",[],37.9802734,-92.6901923
Montana,Thompson Falls,H&M Water Solutions,(406) 242-5105,,https://hmwatersolutions.com/,,5,14,"['Well pump installation', 'Pump maintenance and repair', 'Diagnostic testing', 'Electronic testing', 'Pressure testing', 'Water testing', 'Hand pump installation', 'Cistern tank installation', 'Water flow management', 'Rainwater collection systems (gutters and filtration)', 'Water tank cleaning', 'Pump house setup', 'Water line installation', 'Electrical line installation', 'Well inspection', 'Well cleaning', 'Rainwater treatment', 'Springs services', 'Irrigation services', 'Hydrant installation', 'Well related frozen pipe services', 'Water collection systems', 'Rainwater collection', 'Underground cisterns', 'Booster solutions', 'Storage solutions for potable and fire purposes', 'Borescope well inspection', 'Hand-operated backup pumps']",,"Residential, Commercial, Agricultural","['Sanders County', 'Mineral County', 'Missoula County']",47.4477875,-114.6759554
New Mexico,New Mexico,Cactus Rain,(505) 585-0850,,https://www.cactusrainnm.com/,,5,2,"['Rainwater Harvesting', 'Greywater Reuse', 'Water Smart Landscapes', 'Integrated Design', 'Whole-house Integrated Solutions', 'Replace or Supplement a Well', 'Build Off-grid', 'Greenhouse/Garden/Backyard Habitat', 'Maintenance and Monitoring Services', 'Water Recycling', 'Filtration Systems', 'Advanced Treatment Systems', 'Water Quality Testing', 'Products for water reuse and sustainable building', 'Integrated Design', 'Advanced Treatment Systems', 'Water Quality Testing', 'Filtration Systems', 'Water Recycling']",,"Homes, Businesses, Owners, Builders, Plumbers, Architects, Landscapers",['New Mexico'],34.1661974,-106.026237
New Mexico,Santa Fe,The Firebird,(505) 983-5264,,https://thefirebird.com/,"1808 Espinacitas St, Santa Fe, NM 87505",4.2,110,"['Fireplaces', 'Stoves', 'Outdoor living', 'Outdoor cooking', 'Outdoor kitchens', 'Outdoor heaters', 'Outdoor furniture', 'Professional outdoor kitchen products', 'Outdoor cooking', 'Outdoor kitchens', 'Outdoor heaters', 'Outdoor furniture', 'Fireplaces', 'Stoves', 'Professional outdoor kitchen products', 'Handcrafted Luxury Furnishings']",,,['Santa Fe'],35.6605798,-105.9676919
New York,Penfield,Rochester Gutter Company,(585) 385-2910,,http://rochestergutter.net//,"37 Hillside Rd, Penfield, NY 14526",4.7,64,"['full gutter installation', 'partial gutter installation', 'siding installation', 'siding repair', 'coverings', 'fascia repairs', 'soffit repairs', 'owner on every job site', 'insured technicians', 'year-round installation', 'references available', 'more than 20 years of professional experience']","licensed, insured",Contractors,"['Rochester', 'NY', 'Genesee County', 'Monroe County', 'Livingston County', 'Ontario County', 'Orleans County', 'Wayne County']",43.1276569,-77.4610138
North Carolina,Taylorsville,George's Grading and Septic Tank Service LLC,(828) 312-2197,,http://georgesgradingandseptictankser.godaddysites.com/,,4.9,42,"['Septic tank pumping', 'Septic tank installation', 'Septic tank repair', 'Septic tank inspections', 'Grease trap cleaning', 'Emergency services', 'Perk tests', 'Hauling rock and sand', 'Grading', 'Perk tests', 'Grease trap cleaning', '24/7 emergency septic services', 'Driveway grading']",,"Residential, Commercial properties, Commercial kitchens",[],35.964623,-81.340068
North Carolina,Murphy,Def & Oil Solutions Corp,(828) 591-8646,,https://defnoilsolutions.com/,"1604 Old Ranger Rd, Murphy, NC 28906",5,3,"['Oils and lubricants', 'Fuel and oil tanks', 'Fuel pumps', 'Diesel Exhaust Fluid (DEF)', 'Oil and equipment delivery', 'Bulk deliveries', 'Rigorously tested lubricants', 'Durable storage solutions', 'Tailored solutions', 'Regulatory compliance']",,"Automotive, Commercial, Industrial, Businesses","['North Carolina', 'Tennessee', 'Georgia']",35.0706814,-84.0569709
Ohio,Yellow Springs,"Rain Brothers, LLC",(937) 949-1100,,http://www.rainbrothers.com/,"845 Dayton St, Yellow Springs, OH 45387",4.9,62,"['rainwater harvesting cisterns', 'cistern systems for low-yield wells', 'cistern sales', 'cistern installation', 'cistern service', 'underground cistern installation', 'water testing', 'design library', 'how-to videos', 'online product catalog', 'rainwater harvesting cisterns', 'low-yield and low-producing well systems', 'underground cistern installation']","Licensed Private Water Systems Contractors, Accredited by the American Rainwater Catchment Systems Association",,[],39.8033335,-83.9040645
Ohio,Marietta,F L Tanks,(740) 568-4636,,http://www.fltanks.com/,"1111 Gilman Ave, Marietta, OH 45750",4.9,10,"['Commercial tanks', 'Polyethylene tanks', 'Tank modifications', 'Delivery and shipping', 'After-sale repair and support', 'Parts and hard-to-find items', 'In-stock inventory', 'Tank modifications', 'Polyethylene tanks', 'Custom fittings', 'Double-walled tanks', 'Heated tanks', 'Insulated tanks', 'Timely delivery']",,Commercial,[],39.4273376,-81.4748382
Oklahoma,Muskogee,Mr Plumber,(918) 697-9392,,http://mrplumbermuskogee.com/,"2551 York St, Muskogee, OK 74403",4.9,19,[],,,[],35.878924,-95.5720735
Oklahoma,Norman,Rain Guard Inc. - Norman,(405) 360-6490,,https://www.rainguardok.com/,"3241 Double Dr, Norman, OK 73069",5,38,"['Gutter installation', 'Gutter maintenance', 'Gutter repair', 'Gutter cleaning', 'Commercial gutters', 'Gutter drainage', 'Water collection systems', 'Seamless aluminum gutters', 'Gutter guards', 'Seamless gutters', 'Commercial gutters', 'Water collection systems', 'Gutter drainage', 'Gutter Helmet® leaf protection']",,"Residential, Commercial","['Oklahoma City', 'Norman', 'Edmond', 'Oklahoma']",35.2586489,-97.4631688
Oregon,Cheshire,Water Sourcers,(541) 952-9871,,http://www.watersourcers.com/,"92630 Hager Rd, Cheshire, OR 97419",5,4,"['Steel bolted water tanks', 'Poly water tanks', 'Fire suppression systems', 'Rainwater systems', 'Water-wise irrigation systems', 'Custom landscaping', 'Defensible spacescapes', 'Edible & medicinal foodscapes', 'Rainwater design and installation', 'Steel bolted tanks', 'Poly tanks', 'Defensible spacescapes', 'Edible & medicinal foodscapes', 'Water-wise irrigation systems']","Licensed, Insured, Bonded, ARCSA-ASSE certified rainwater designer & installer, LCB#- 100166, LCP#- 16429, CCB#- 239643, ASSE & IAPMO #52076",,[],44.1728751,-123.4097016
Oregon,Junction City,Gradybarrels and Tanks LLC,(541) 554-6753,,https://gradybarrelsandtanks.com/,,5,6,[],,,[],40.7659762,-119.4900924
Oregon,Roseburg,"The Bratcher Company, LLC",(541) 900-7788,,http://bratcher.pro/,,4.8,18,"['Excavation and site preparation', 'Utility installation', 'Driveway construction', 'Drainage and culverts', 'Shop and barn pads', 'Water pump installation', 'Water storage and rainwater harvesting tank placement', 'Well pump replacement', 'On-site septic evaluation', 'On-site septic design', 'On-site septic installation', 'Retaining wall construction', 'Land mapping and site technology', 'Hillside cut and fill', 'Rainwater harvesting', 'Water storage tank placement', 'Advanced septic treatment systems', 'Pressurized pump applications', 'Concrete block retaining walls', 'Boulder-based retaining walls', 'Actively drained retaining walls', 'Poured concrete footings', 'Hillside cut and fill']","Certified and licensed to install all approved products in Oregon, Factory trained on advanced treatment systems and pressurized pump applications, Licensed, bonded, and insured",,"['Roseburg', 'Oregon', 'Umpqua Valley']",43.322067,-123.1322174
Oregon,Lafayette,OVS Water Systems & Irrigation,(503) 864-4556,,https://www.ovs.com/,"624 3rd St, Lafayette, OR 97127",4.1,43,"['Trellis supplies', 'Trellis design', 'Irrigation design', 'Irrigation installation and service', 'Irrigation and water systems', 'Pumps and electric motor repair/maintenance', 'Drip irrigation', 'Filtration', 'Water storage and treatment', 'Tree and vine protection', 'Crop training', 'Agronomic services', 'Field and testing services', 'Crop protection', 'Crop nutrition', 'Dust control', 'Agricultural fabrics', 'Ground cover', 'Seasonal and weather protection', 'Structures', 'Netting', 'Custom irrigation design', 'Trellis design and supplies', 'Pump repair and maintenance', 'Agronomy services', 'Agricultural fabrics', 'Specialty netting']",,"Vineyards, Fruit orchards, Hops, Blueberries, Farms, Backyard systems","['Washington', 'Oregon', 'New York']",45.2435418,-123.1118293
Oregon,Ashland,Source Water Tanks,(541) 414-3202,,http://sourcewatertanks.com/,,,,"['Plastic water tanks', 'Water storage tanks', 'Water piping', 'Water filtration', 'Sales of water storage tanks', 'Sales of gas-powered water pumps', 'Fire pumps', 'Tank fittings', 'Cross-Buck roof X-brace truss design', 'Banded-side walls', 'Seamless roto-mold one-piece build', '26"" heavy-duty manhole lid', 'Two heavy-duty connection fittings', 'Drinking-water safe NSF interior', 'BPA free', 'Self-priming pumps', 'Built-in check valve with double volute', 'Glass-reinforced polyester pump construction']","NSF stamped, ANSI compliant",,"['Jackson County', 'Josephine County', 'Siskiyou County', 'Ashland', 'OR', 'Applegate', 'OR', 'Cave Junction', 'OR', 'Central Point', 'OR', 'Eagle Point', 'OR', 'Gold Hill', 'OR', 'Grants Pass', 'OR', 'Jacksonville', 'OR', 'Medford', 'OR', 'Murphy', 'OR', ""O'Brien"", 'OR', 'Phoenix', 'OR', 'Prospect', 'OR', 'Rogue River', 'OR', 'Ruch', 'OR', 'Sams Valley', 'OR', 'Selma', 'OR', 'Shady Cove', 'OR', 'Talent', 'OR', 'Williams', 'OR', 'Wilderville', 'OR', 'White City', 'OR', 'Big Springs', 'CA', 'Callahan', 'CA', 'Carrick', 'CA', 'Crescent City', 'CA', 'Dunsmuir', 'CA', 'Etna', 'CA', 'Fort Jones', 'CA', 'Grenada', 'CA', 'Gazelle', 'CA', 'Happy Camp', 'CA', 'Hamburg', 'CA', 'Hilt', 'CA', 'Hornbrook', 'CA', 'Klamath River', 'CA', 'McCloud', 'CA', 'Montague', 'CA', 'Mount Shasta', 'CA', 'Scott Bar', 'CA', 'Seiad Valley', 'CA', 'Shastina', 'CA', 'Smith River', 'CA', 'Yreka', 'CA', 'Weed', 'CA']",41.994494,-122.7439884
Pennsylvania,Uniontown,C&C Tanks,(724) 557-6453,,https://www.candctanks.com/,"2367 Morgantown Rd, Uniontown, PA 15401",4.8,37,[],,,[],39.8466403,-79.7622296
Puerto Rico,Caguas,Hidro Sistemas pr,(787) 744-1313,,https://www.hidrosistemaspr.com/,"A-16 PR-172, Caguas, 00725, Puerto Rico",4.6,37,"['Cisternas', 'Motores para cisterna', 'Calentador solar', 'Reparación de motores de cisterna', 'Orientación y conocimiento acerca de cisterna y motores para cisternas', 'Bombas de agua', 'Cisternas', 'Reparación de motores de cisterna', 'Motores para cisterna', 'Calentador solar']",,,[],18.2137584,-66.0524829
Puerto Rico,Guaynabo,Solar & Water Solutions,(787) 731-1545,,http://www.solarandwaterpr.com/,"PR-833, Guaynabo, 00959, Puerto Rico",4.8,24,"['Reverse Osmosis', 'Suavizadores', 'Calentadores Solares', 'Cisternas', 'Agua de Lluvia', 'Equipo para recogido', 'almacenamiento y potabilización de agua de lluvia', 'Manufactura de calentadores solares Soltek', 'Tratamiento de agua en punto de entrada', 'Tratamiento de agua en punto de uso', 'Consultoría energética para sistemas de paneles solares y baterías Tesla', 'Tratamiento de agua en punto de entrada', 'Tratamiento de agua en punto de uso', 'Equipos para recogido', 'almacenamiento y potabilización de agua de lluvia', 'Manufactura de calentadores solares Soltek']",Master Water Specialist,Residential,['Puerto Rico'],18.3720803,-66.1350345
Puerto Rico,685,Sunshine Solar & Roofing Systems Corp.,(787) 382-6988,,http://sunshinesolarsystemscorp.com/,"Carr. 109, Km. 25.6 Bo, 00685, Puerto Rico",5,3,"['Roof waterproofing and sealants', 'Sale and installation of water cisterns', 'Sale and installation of water pumps', 'Solar water heater sales', 'Solar water heater service', 'Roof repair and maintenance', 'Cistern system maintenance and repair', 'Elastomeric Roofing System (ERS)', 'Silicon roofing systems', 'Danosa waterproofing', 'Cisterns', 'Solar water heaters']",,"Residential, Commercial","['Puerto Rico', 'northwest Puerto Rico']",18.3087796,-67.0109586
Tennessee,Knoxville,PerfectWater,(865) 544-7873,,https://4perfectwater.com/?utm_campaign=gmb&utm_medium=organic&utm_source=gmblistingknox,"800 E Governor John Sevier Hwy, Knoxville, TN 37920",5,132,"['Rainwater harvesting', 'Water consultation', 'Rainwater harvesting planning', 'Residential water supply', 'Rainwater harvesting', 'Residential water supply', 'Chemical-free water']",,"Homeowners, Residential","['Middle Tennessee', 'Asheville', 'NC']",35.9204283,-83.8241506
Texas,Willow Park,Rainwater Equipment,(817) 246-4567,,http://rainwaterequipment.com/,"200 Chuckwagon Trail, Willow Park, TX 76087",5,6,"['Pioneer water storage tanks', 'Pumps and controllers', 'Variable speed pumps', 'Constant pressure', 'Booster pump systems', 'UV water purification systems', 'Water tank level gauges', 'Sediment filters', 'LeafBlaster PRO gutter filter', 'Replacement kits', 'Home', 'Ranch', 'Agricultural', 'Fire protection']",,"Home, Ranch, Agricultural, Fire protection",[],32.7395216,-97.6364226
Texas,Dripping Springs,"Tank Depot of Dripping Springs, Texas",(737) 258-4503,,https://www.tank-depot.com/stores/tank-depot-dripping-springs/?utm_source=google&utm_medium=organic&utm_campaign=gmb,"31640 Ranch Rd 12, Dripping Springs, TX 78620",4.2,47,"['rainwater collection systems', 'consultations', 'pump troubleshooting', 'first-flush system analysis', 'custom solutions', 'education', 'store inventory', 'rainwater collection', 'first-flush systems', 'pump troubleshooting', 'custom solutions', 'education', 'contractor support']",,"homeowners, DIYers, businesses, contractors, installers","['Dripping Springs', 'Austin', 'United States']",30.2521066,-98.0571995
Texas,Boerne,Tanks Alot,(830) 331-7330,,https://tanksalottx.com/,"39332 I-10, Boerne, TX 78006",4.7,23,"['Rain harvesting', 'Fire protection', 'Well backup', 'Commercial/Agriculture', 'Septic/Drainage', 'Underground tanks', 'Above-ground tanks', 'Elevated-mount tanks', 'Liquid transport tanks', 'Windmills', 'Rain water collection system design and installation', 'Underground tanks', 'Above-ground tanks', 'Elevated mounting tanks', 'Liquid transport tanks for trucks and trailers', 'Rain water collection systems', 'Windmills']",,"Commercial, Agriculture","['Terlingua', 'TX']",29.8232801,-98.7567207
Texas,Wimberley,"Hill Country Rainwater, LLC",(512) 856-4626,,https://hillcountryrainwater.com/,"13210 Ranch Rd 12, Wimberley, TX 78676",4.7,14,"['Turnkey rain water collection systems', 'Rainwater collection system design and planning', 'Rainwater collection system installation', 'Residential rainwater collection systems', 'Commercial rainwater collection systems', '500 - 50', '000 gallon systems', 'Superior design', 'Pure clean rainwater', 'Naturally soft rainwater']",,"Residential, Commercial","['Central Texas', 'Texas']",29.9951063,-98.0914107
Texas,San Marcos,"FLOW Rainwater Systems, LLC",(512) 270-8026,,http://www.flowrainwater.com/,"1915 Mulberry Ct, San Marcos, TX 78666",4.7,16,"['Water storage solutions', 'Above-ground water tanks', 'Pioneer® Water Tanks', 'Rainwater harvesting systems', 'Irrigation storage', 'Well back-up tanks', 'Commercial water storage for fire protection', 'Zincalume steel', 'Aqualiner Fresh liner', 'Potable water storage', 'Non-potable water storage', '20-year limited warranty']",Authorized Pioneer® Water Tank dealer,"Landowners, Farmers, Ranchers, Business owners, Communities, Commercial customers","['Central Texas', 'Texas hill country', 'Texas']",29.8200278,-97.9765742
Texas,Austin,Cqure Water,(877) 693-2166,,http://www.cqurewater.com/,"11803 Oliver Cemetery Rd, Austin, TX 78736",5,25,"['Rainwater harvesting', 'Above-ground storage tanks', 'Well water storage', 'System design and installation', 'Maintenance', 'Monitoring', 'Rainwater harvesting', 'Water storage solutions']",BBB Accredited Business,"Homes, Ranches, Families","['Central Texas', 'Texas']",30.2323342,-97.9458574
Texas,Tye,"Sievers Poly Tanks, LLC",(325) 695-8700,,http://polytanksales.com/,"489 N Access Rd, Tye, TX 79563",4.7,12,"['plastic storage tank manufacturing', 'plastic storage tank sales', 'water storage tanks', 'rainwater harvesting tanks', 'Diesel Exhaust Fluid (DEF) tanks', 'cone bottom tanks', 'chemical tanks', 'double wall tanks', 'vertical tanks', 'horizontal tanks', 'elevated tanks', 'oilfield treater tanks', 'firefighting tanks', 'secondary containment tanks', 'bladder tanks', 'open top tanks', 'rectangular tanks', 'custom tanks', 'plastic welding', 'custom poly fabrication', 'custom tank molding', 'distribution of fittings', 'couplers', 'valves', 'SHURflo pumps', 'plastic storage tank sales', 'water storage tanks', 'rainwater harvesting tanks', 'Diesel Exhaust Fluid (DEF) tanks', 'double wall plastic tanks', 'chemical tanks', 'custom tanks']",,wholesale fuel distributors,[],32.4603538,-99.86277
Texas,Ingram,TX Rainwater Systems & Legacy Water Storage,(830) 430-9844,,http://www.legacywaterstorage.com/,"3152 Junction Hwy, Ingram, TX 78025",5,1,"['Water storage tanks', 'Seamless installation', 'Standard accessories', 'Commercial upgrades', 'Custom tank colors', 'ZINCALUME® Steel with Activate® technology', '200% more corrosion resistance', 'AQUALINER® Fresh antimicrobial tank liner', 'BPA-Free liner', 'NSF-61 certified liner', 'PIONEER V-LOCK® tank wall profile', 'Heavy-duty roof truss system', 'Corrugated steel tank wall strength', '20-year warranty']","NSF-61, BPA-Free",Commercial,[],30.073653,-99.224406
Texas,San Marcos,Rainwater Collection Tanks,(877) 223-7784,,https://rainwatercollectortanks.com/,"1600 Clovis Barker Rd #209, San Marcos, TX 78666",,,"['Rainwater collection', 'Rainwater storage', 'Smart Water Savers', 'Pioneer Water Tanks', 'Rooftop rainwater harvesting', '1.5MM water flow slots', 'Corrugated tank roof collection', 'Low-profile concave tank roofs', 'UV-stabilized Polyethylene', 'Food-grade materials', 'Increased rooftop rainwater collection']",,,[],29.8374063,-97.9534111
Texas,Bulverde,Rainwater Collection Concepts,(830) 252-8518,,http://www.rainwatercc.com/,"1410 Ridge Creek Ln, Bulverde, TX 78163",5,8,"['Rainwater harvesting system design', 'Rainwater harvesting system installation', 'Rainwater harvesting system maintenance', 'Above ground water storage tanks', 'Rainwater harvesting systems', 'Above ground water storage tanks']",,"Residential, Ranch, Commercial","['Fredericksburg', 'Texas']",29.7758581,-98.3466432
Texas,Round Mountain,Aqualine Water Tanks,(830) 201-3555,,https://www.aqualinewatertanks.com/,"13870 US-281 Bldg. 1, Round Mountain, TX 78663",4.9,10,"['Galvanized water tanks', 'Steel water tanks', 'Steel rainwater tanks', 'Metal water tanks', 'Steel water storage tanks for greenhouses', 'NFPA fire tanks', 'Commercial tank configuration', 'DuraCoat color coating', 'Rock cladding', 'Wood cladding', 'Project design', 'Specification', 'Project execution', 'High-strength G115 steel', 'Overlapping seams', 'Engineered designs', 'Bartlett BPA-free potable liner', 'NSF certified potable liner', 'Three roof styles', 'DuraCoat color coating', 'Rock cladding', 'Wood cladding', '20-year warranty']","NSF certified, BPA free","Residential, Commercial, Greenhouses","['Central Texas Hill Country', 'Texas']",30.4687123,-98.3258746
Texas,Austin,Capitol Water Tanks,(512) 494-4037,,https://www.capitolwatertanks.com/,"501 W Powell Ln #207, Austin, TX 78753",,,"['Water storage tank supply', 'Engineering', 'Water storage tank installation', 'Water storage tank maintenance', 'Permitting', 'Tank accessories', 'Pump systems', 'Engineered fire protection plans', 'Polyethylene water storage tanks', 'Galvanized metal water storage tanks', 'Corrugated metal liner tanks', 'Fiberglass water storage tanks', 'Modular water storage tanks', 'Rainwater harvesting systems', 'AC condensate recovery', 'Fire protection']","NFPA 22 Certified, NSF-61 certified, FDA-Approved, BPA-free, USDA approved, AWWA approved, TCEQ compliant","Residential, Commercial",['Texas'],30.3484448,-97.7064034
Texas,Wimberley,"RainKeepers, LLC",(512) 537-8537,,http://www.rainkeepers.com/,"13501 Ranch Rd 12 #103, Wimberley, TX 78676",5,15,"['Site work', 'Tank installation', 'Pump and filter/UV installation', 'Electrical connections', 'Plumbing connections', 'Standalone rainwater collection system installation', 'Hybrid system installation', 'Seamless gutter installation', 'Potable systems', 'Non-potable systems', 'Seamless gutters (5"" & 6"" K-style', '6"" half-round', '6"" seamless box gutters)', 'UV installation']",,Residential,"['Austin', 'Wimberley', 'Canyon Lake', 'San Antonio', 'Fredericksburg', 'Texas Hill Country']",29.9949752,-98.0929169
Texas,Boerne,Pioneer Water Tanks,(830) 331-7330,,https://pioneerwatertanksamerica.com/tanks-alot/,"39332 Frontage Rd, Boerne, TX 78006",5,1,"['rainwater collection', 'rainwater harvesting', 'water storage', 'greywater', 'fire protection water storage', 'AQUALINER® Fresh antimicrobial tank liner', 'PIONEER V-LOCK® tank wall profile', 'heavy-duty roof truss system', '20-year conditional warranty', 'standard accessories and commercial upgrades']","ARCSA Accredited Professional, NSF-61","homes, businesses, ranches, retail centers, RV parks, families","['Texas', 'Terlingua', 'Texas', 'San Antonio', 'Menard', 'Texas']",29.82328,-98.756721
Texas,Dripping Springs,Harvest Rain,(512) 645-2955,,http://www.harvestrain.com/,"169 Russell Ln, Dripping Springs, TX 78620",4.8,45,"['Rainwater system design', 'Irrigation systems', 'Potable water supply systems', 'System planning and build', 'Rainwater system design', 'Irrigation', 'Potable supply']",,,['Hill Country'],30.2087105,-98.1211131
Texas,Round Mountain,Rainsaver Harvesting,(830) 347-8855,,https://rainsaverharvestingtx.com/?utm_medium=organic&utm_source=gmb&utm_campaign=main,"13870 US-281 Bldg. 4, Round Mountain, TX 78663",5,4,"['Turn-key rainwater collection system installation', 'Rainwater system design and calculation for potable use', 'Pipe conveyance / water transfer piping installation', 'Filtering equipment installation', 'Pad and tank installation', 'Warranty and maintenance', 'Potable rainwater harvesting system design', 'Roof capture calculation using annual rainfall data', 'Concrete and gravel tank foundation installation']",,"Residential households, Limited irrigation","['Hill Country', 'Central Texas', 'Texas']",30.4691771,-98.3238938
Texas,Luling,Olympic Rainwater,(830) 865-6270,,https://www.olyrain.com/?utm_source=google&utm_medium=wix_google_business_profile&utm_campaign=4460485583334866987,"115 E Davis St, Luling, TX 78648",5,1,"['Whole-house potable rainwater systems', 'Rainwater collection systems', 'Rainwater storage tanks', 'System design', 'Installation', 'System service and maintenance', 'Rainwater harvesting education', 'Potable rainwater systems', 'Design for remote areas', 'Systems used to fight forest fires', 'Systems to grow crops', 'Mitigate urban stormwater runoff', 'Low-maintenance systems', 'Antimicrobial liner with silver ions', 'Authorized dealer of Pioneer Water Tanks USA']",NSF/ANSI 61,"Conservation-minded families, Businesses, Clients in remote areas","['Luling', 'Texas', 'Texas Hill Country']",29.6823599,-97.6547898
Texas,Houston,Broussard Water Management Products,(281) 381-8715,,http://www.broussardwatermanagementproducts.com/,"3890 North Fwy Suite B, Houston, TX 77022",5,1,"['Stormwater management systems', 'Water and wastewater storage solutions', 'FRP grating', 'FRP stair treads', 'Handrails', 'Structural system solutions', 'FRP design and engineering support', 'Break tanks', 'AWWA D12-121 tanks', 'Molded FRP grating', 'FRP stair treads', 'Hand rails', 'Structural shapes', 'FRP design and engineering support', 'Break tanks', 'AWWA D12-121 tanks']",,,[],29.8213156,-95.3774189
Texas,Sealy,Omi Rain Tanks,(346) 432-7873,,https://www.omiraintanks.com/contact,"3137 TX-36, Sealy, TX 77474",,,"['stainless steel tanks', 'rain water systems', 'rainwater harvesting', 'tank building', 'stainless steel tanks', 'tank building', 'rainwater harvesting']",,,"['Sealy', 'Texas']",29.8180062,-96.1658176
Texas,Melissa,Enviro-Logix Industries llc,(469) 576-0867,,http://www.enviro-logix-ind.com/,"6527 N McDonald St, Melissa, TX 75454",2,8,"['Rainwater harvesting systems', 'Rainwater system installation for potable use', 'Garden and yard irrigation systems', 'Agricultural rainwater systems', 'Home water supply systems (laundry', 'toilets', 'showering', 'drinking)', 'Potable rainwater systems', 'Custom rainwater harvesting systems', 'Sanitary rainwater systems']",,"Residential, Agriculture, Gardening","['Melissa', 'Texas', 'Texas']",33.2617172,-96.5938084
Texas,Wimberley,"Rainy Day Systems, LLC",(512) 376-0097,,http://www.rainydaysystems.com/,"901 Red Hawk Rd, Wimberley, TX 78676",4.6,10,"['rainwater harvesting system installation', 'rain harvesting solutions', 'rainwater collection tank installation', 'UV light system repair', 'pump installation and repair', 'sustainable water solutions', 'eco-friendly water systems', 'cost-effective water solutions', 'innovative water systems', 'tailored systems for environmentally conscious individuals']",,"rural homeowners, ranchers, environmentally conscious individuals","['Wimberley', 'Hays County', 'Blanco County', 'Comal County', 'Caldwell County', 'Burnet County', 'Bexar County']",30.0045856,-98.0472077
Texas,San Marcos,Texas Water Tanks,(512) 667-6451,,https://txwatertanks.com/,"1600 Clovis Barker Rd #209, San Marcos, TX 78666",,,"['water storage tanks', 'water storage systems', 'tank liners', 'AQUALINER® Fresh tank liner', 'potable water storage', 'clean water storage solutions', 'large-capacity water storage tanks', 'AQUALINER® Fresh tank liner', 'BPA-free', 'NSF-61 Certified', 'antimicrobial technology']","NSF-61 Certified, BPA-free",,[],29.8373631,-97.9534608
Texas,Spring Branch,"Texas Land Authority - Land Clearing, Rainwater Harvesting, Rain Tanks",(210) 760-4435,,http://www.texaslandauthority.com/,"123 Spring Branch Rd, Spring Branch, TX 78070",,,"['Rainwater collection system installation', 'Water tank installation', 'Pad site preparation', 'Excavation', 'Trenching', 'Plumbing', 'Electrical work', 'Water filtration system installation', 'System servicing', 'Estimates', 'Food-grade rainwater tanks', 'Aqualine corrugated steel metal water tanks', 'Eduraplas polymer plastic water tanks', 'Galvanized water tanks', 'Steel water tanks', 'Steel water storage tanks for greenhouses', 'NFPA fire tanks', 'Polymer water tanks with UV protection', 'Water filtration systems']",,"Homeowners, Greenhouses","['Boerne', 'Spring Branch', 'Fredericksburg', 'Marble Falls', 'San Antonio', 'Texas Hill Country']",29.8704458,-98.409774
Texas,San Marcos,Well Water Tanks,(877) 223-7784,,https://wellwatertanks.com/,"1600 Clovis Barker Rd #209, San Marcos, TX 78666",,,"['Deliver and install water storage solutions', 'Water well tanks sales', 'After-sales service', 'Local dealer-direct network', 'AQUALINER® Fresh tank liner', 'Embedded antimicrobial technology', 'PIONEER V-LOCK® tank profile', 'Corrugated ZINCALUME® Steel', '20-year warranty']","NSF-61, BPA-free",,[],29.8374063,-97.9534111
Texas,Spring Branch,Texas Drought Solutions,(830) 885-2104,,https://texasdroughtsolutions.com/,,5,6,"['Rainwater collection', 'Storage tanks', 'Water catchment solutions', 'Sustainable water management systems', 'Customized drainage solutions', 'Rainwater collection', 'Rainwater storage tanks', 'Water catchment solutions', 'Sustainable water management systems', 'Customized drainage solutions', 'Quality workmanship']",,,"['Texas', 'Spring Branch']",33.076882,-90.7521999
Texas,San Antonio,Pedraza Water Company,(210) 273-0562,,https://pedrazawater.com/,,,,"['rainwater harvesting system design', 'permitting', 'site preparation', 'installation', 'maintenance and support', 'inspections', 'routine cleaning', 'rainwater harvesting systems', 'water storage solutions', 'tank installation']",,"Residential, Commercial",['South Texas'],31.4204208,-101.7873554
Texas,Uvalde,Sanford Water Works,(830) 376-6980,,https://www.sanfordwaterworks.com/,"4419 E Main St, Uvalde, TX 78801",4.7,54,"['water treatment', 'water testing and analysis', 'water purification', 'irrigation system design', 'water wells and pumps', 'solar-powered pumps', 'booster pumps', 'submersible pumps', 'rain catchment', 'water storage', 'problem water', 'custom irrigation systems', 'solar-powered pumps', 'booster pumps', 'submersible pumps', 'rain catchment']",licensed water professionals,"Residential, Commercial, Industrial","['Uvalde', 'TX', 'Castroville', 'TX', 'Southwest Texas', 'South Texas']",29.2488498,-99.7362289
Texas,Spicewood,Austin Rainwater Pros,(512) 730-0823,,https://www.austinrainwaterpros.com/,,,,"['rainwater harvesting', 'turn-key systems for irrigation', 'turn-key systems for potable water', 'turn-key systems for fire protection', 'gutters', 'roofs', 'tanks', 'filtration', 'landscaping', 'irrigation & drainage', 'excavation services', 'rainwater harvesting', 'potable water systems', 'fire protection systems', 'gutters', 'roofs', 'tanks', 'filtration']",,,"['Texas', 'Spicewood', 'TX']",30.8077614,-97.9504385
Texas,Dripping Springs,Lakota Water Company,(877) 652-5682,,http://www.lakotawatercompany.com/,,,,"['Rainwater collection system design', 'Rainwater collection system installation', 'Rainwater collection system design', 'Rainwater collection system installation']",,"Yard irrigation, Gardening, Water for livestock, Commercial, Industrial, Household",[],32.7412686,-96.846295
Texas,Amarillo,Amarillo Tanks,(806) 322-1478,,https://www.amarillotanks.com/,"103 S Houston St, Amarillo, TX 79102",5,1,['Steel tank manufacturing'],,,[],35.2102595,-101.82027
Texas,Texas,Rain Ranchers,(940) 577-2678,,https://www.rainranchers.com/,,5,2,"['Rainwater harvesting system design', 'Rainwater harvesting system installation', 'Tank systems', 'Filtration systems', 'Disinfection', 'Low-maintenance tank systems', 'Longevity-focused design', 'Rainwater collection for irrigation and landscaping', 'Potable conversion via filtration and disinfection', 'Reducing flooding and erosion']",,"Residential, Homeowners, Agricultural, Landscaping",['Texas'],31.4197143,-98.1433216
Texas,Fort Worth,Urban Water Management,(817) 903-1786,,http://www.urbanwatermanagement.com/,"9100 NW US Hwy 287, Fort Worth, TX 76131",,,"['Water storage tanks', 'Rainwater harvesting', 'Irrigation', 'Drip systems', 'Smart sprinklers', 'Drainage systems', 'French drains', 'Swales', 'Sump pump installations', 'System design', 'Installation', 'Maintenance', 'Property assessments', 'Tailored system design', 'Rainwater harvesting', 'Drip systems', 'Smart sprinklers', 'French drains', 'Swales', 'Sump pump installations']",,"Homeowners, Property managers, Veterans, First responders",['DFW'],32.7430719,-97.4242585
Texas,Amarillo,New Vision Seamless Gutters,(806) 517-0533,,http://newvisionexteriors.com/,"2930 S Western St, Amarillo, TX 79109",5,42,"['Gutter installation', 'Window cleaning', 'Junk removal', 'Vinyl gutters', 'Aluminum gutters', 'Steel gutters', 'Copper gutters', 'Gutter guards', 'Gutter cleaning']",,Residential,"['Amarillo', 'Texas']",35.1807627,-101.8841666
Texas,Grand Prairie,Carver Sales,(817) 477-4840,,http://www.carversales.com/,,,,"[""Manufacturers' representatives"", 'Spray nozzles', 'Eductors', 'Roto-molded tanks', 'Containment tank solutions', 'Spray nozzles', 'Eductors', 'Rotationally molded tanks', 'Containment tank solutions', 'Oil and gas industry products', 'Chemical industry products']",,"Oil and gas companies, Chemical companies, Service companies","['Grand Prairie', 'Texas', 'Oklahoma', 'Louisiana', 'Arkansas']",31.4197143,-97.702017
Texas,Midland,Sims Plastics,(432) 684-7225,,https://simsplastics.com/locations-midland/,"2700 W Front St, Midland, TX 79701",4.7,46,['project solutions'],,"customers, job applicants","['Midland', 'Texas']",31.9833774,-102.0992725
Texas,Midland,"Water Runner, LLC",(432) 661-3768,,https://waterrunner.com/,"5112 N County Rd 1150, Midland, TX 79705",4.9,67,"['Bulk water delivery', 'Drinking water delivery', 'R.O. water delivery', 'Deionized water delivery', 'Emergency water services', 'Tank sales', 'Tank rentals', 'Tank servicing', 'R.O. water station', 'Drinking water', 'R.O. water', 'Deionized water', 'Water supply for gas plants', 'Rig sites', 'Man camps', 'Crypto mining', 'Field offices', 'Swimming pools', 'Emergency water for hospitals', 'Clinics', 'Dialysis centers', 'Restaurants', 'Communities', 'Bulk drinking water storage tanks']",,"Communities, Businesses, Individuals, Hospitals, Clinics, Dialysis centers, Restaurants, Gas plants, Rig sites, Man camps, Crypto mining operations, Field offices, Commercial customers, Residential customers, Rural homes","['Permian Basin', 'Texas']",32.0683747,-102.0274411
Texas,Midland,Ace Technical,(432) 570-9995,,http://acetechtexas.com/,"2403 S Co Rd 1110 lot a, Midland, TX 79706",5,1,"['Water treatment', 'Water softener systems', 'Reverse osmosis drinking systems', 'Well water treatment', 'Sale', 'Service', 'Rentals', 'Water softener systems', 'Reverse osmosis drinking systems', 'Well water treatment']",Texas Water Quality Association,"Homes, Businesses","['Midland', 'Texas', 'Odessa', 'Texas']",32.0023213,-101.9385378
Texas,Austin,Innovative Water Solutions LLC,(512) 490-0932,,https://www.watercache.com/,"501 W Powell Ln #206, Austin, TX 78753",4.2,39,"['rainwater harvesting systems', 'rainwater collection for irrigation/potable/detention', 'graywater reuse systems', 'drainage solutions', 'gutter installation', 'gutter repair', 'gutter cleaning', 'irrigation system installations', 'irrigation retrofits', 'irrigation service visits', 'irrigation audits', 'engineering design and consulting', 'installation and construction of water conservation/stormwater/auxiliary water systems', 'DIY packaged RAINCACHE systems (500-2500 gallon)', 'service maintenance inspection testing', 'rainwater harvesting', 'graywater reuse', 'drainage solutions', 'stormwater management', 'stormwater green infrastructure', 'water conservation', 'auxiliary water solutions']","Texas Licensed Engineer (#99248), Professional Engineering Firm (F-11414), ASSE International / ARCSA Certified Rainwater Installer/Designer (#44057), Water Treatment Specialist (WT0005302), Licensed Irrigator (LI0029801), OSHA trained field crews","Homeowners, Home Builders, General Contractors, Architects, Engineers, Trade Contractors, Real Estate Agents, Property Management Companies, Developers","['Austin', 'Texas']",30.348424,-97.706377
Texas,Boerne,H.W. Schwope & Sons,(830) 249-2948,,https://www.schwopeandsons.com/,"504 Johns Rd, Boerne, TX 78006",4.3,42,"['Water well drilling', 'Water well service', 'New well construction', 'Well repair', 'Pump installation', 'Well equipment service', 'Residential wells', 'Municipal wells', 'Commercial wells', 'Agricultural wells']","Licensed through the Texas Department of Licensing and Regulation, Insured, Bonded","Residential, Municipal, Commercial, Agricultural","['Kendall County', 'Comal County', 'Kerr County', 'Gillespie County', 'Bandera County']",29.7954034,-98.7407055
Texas,Austin,CTX Rainwater Harvest & Irrigation,(512) 925-9797,,http://ctxrainwater.com/,"440 Manchester Ln, Austin, TX 78737",,,"['Rainwater harvesting system design', 'Professional installation', 'Maintenance and repairs', 'Initial consultation', 'Custom builds', 'Rainwater tanks', 'Filtration units', 'Custom rainwater collection solutions', 'Tank-to-tap systems', 'Domestic potable systems (primary drinking source)', 'Whole-home and building supply tanks', 'Local expertise in Austin/Central Texas climate and water conservation', 'Sustainable solutions']",,"Homes, Businesses, Residents","['Austin', 'Central Texas']",30.1959156,-97.9900909
Texas,Uvalde,Uvalco Supply,(830) 278-7125,,http://www.uvalco.com/,"2521 E Main St, Uvalde, TX 78801",4.6,42,"['ranch supplies', 'fencing supplies', 'steel supplies', 'contractor supplies', 'fence wire sales', 'deer blind sales', 'delivery', 'installation recommendations', 'fence wire', 'fencing', 'deer blinds', 'ranch supplies', 'steel supply']",,"ranches, contractors","['Uvalde', 'Boerne', 'Hondo', 'Texas']",29.224465,-99.7606019
Texas,Dripping Springs,Land Water Wildlife LLC,(512) 565-0875,,http://landwildlifewater.com/,"16299 Fitzhugh Rd, Dripping Springs, TX 78620",,,"['rainwater tanks', 'native plant landscaping', 'rain gardens', 'native wildlife management', 'rainwater harvesting systems', 'butterflies', 'songbirds', 'white-tail deer']",,landowners,[],30.2461604,-98.0489478
Texas,Dripping Springs,Lakota Tank Company,(877) 652-5682,,https://lakotatankcompany.com/,,4.5,13,"['Water storage tanks', 'Tank selection and consultation', 'Installation', 'Custom sizes and configurations', 'Financing options', 'Polyethylene tanks', 'Corrugated metal tanks', 'Fiberglass tanks', 'Rainwater harvesting', 'Fire protection water tanks', 'Irrigation', 'Potable water supply', 'Emergency preparedness', 'Livestock water']",,"Residential, Commercial, Agricultural, Homeowners, Businesses, Farms and ranches",[],31.1689103,-100.0768425
Texas,Bulverde,Holden Rainwater,(830) 376-5011,,https://www.holdenrainwater.com/,,5,4,"['rainwater harvesting system design', 'rainwater harvesting system construction', 'installation', 'maintenance', 'consultation', 'system planning', 'rainwater catch calculations', 'troubleshooting', 'equipment replacement', 'coordination with builders', 'sustainable rainwater harvesting', 'potable rainwater systems']",ARCSA Accredited Professional,"industrial, commercial, residential","['Central Texas', 'Bulverde', 'Cotulla', 'Blanco', 'Wimberley', 'Texas']",29.7950636,-99.0858195
Texas,Arlington,The Gutter Service,(682) 552-9059,,http://www.thegutterservice.com/,"2112 Barton Dr, Arlington, TX 76010",4.4,36,"['Seamless gutter installation', 'Gutter installation', 'Gutter cleaning', 'Gutter repair', 'Gutter maintenance', 'Leaf guard installation', 'French drain installation', '5-inch gutters', '6-inch gutters', 'Aluminum gutters', 'Copper gutters', 'Half-round gutters', 'K-style gutters', 'Box gutters']",,Homeowners,['Arlington'],32.7181695,-97.0729615
Texas,Texas,Founders Rainwater,(512) 270-9971,,https://foundersrain.com/,,,,"['Designing real wood water tanks', 'Building real wood water tanks', 'Installing real wood water tanks', 'Tank fabrication', 'Rainwater harvesting systems', 'Tank sizing consultation', 'Real Wood Water Tanks', 'Tongue-and-groove Eastern Red Juniper staves', 'Pre-treated wood with water-repellent natural oil stain', 'NSF-certified tank liner', 'Vented galvalume metal roof', 'Galvanized metal bands', 'Reinforced concrete foundation', 'Anchored wood staves', '4"" PVC inlet pipe', '4"" PVC overflow pipe', 'Locally sourced components', 'Made in the USA']",NSF-certified tank liner,"Residential, Commercial, Homeowners",['Texas'],31.1045411,-96.9665835
Texas,Robinson,Aqua Werx Seamless Gutters,(254) 855-6678,,http://www.aquawerxgutters.com/,"605 Hoffmeyer Ln, Robinson, TX 76706",5,245,"['gutter installation', 'seamless gutters (5-inch and 6-inch)', 'property exterior assessments', 'estimates and measurements', 'downspout placement planning', 'final walkthroughs', 'builder coordination for new construction', 'seamless 5-inch and 6-inch gutters', 'new construction gutter installations', 'builder coordination', 'property exterior assessment and measurements', 'addressing rotted fascia', 'roof repairs', 'and foundation concerns before installation']",,"Homeowners, Home builders","['Waco', 'Texas', 'Central Texas']",31.465852,-97.147136
Texas,Lorena,Gutter Titan Seamless Gutters,(254) 537-3469,,https://www.guttertitan.com/,"3089 Pilgrim Ln, Lorena, TX 76655",4.9,76,"['Custom on-site seamless gutter installation', 'Gutter guard installation', 'Gutter cleaning', 'Rainwater collection', 'Seamless gutters', 'Custom on-site fabrication', 'Gutter guards', 'Rainwater collection', 'Over 30 colors', '25 Year Workmanship Warranty']","Licensed, Insured",Homeowners,"['Waco', 'Texas', 'Central Texas']",31.3961645,-97.2428889
Texas,San Angelo,"American Sales & Service, Inc",(325) 658-5824,,http://americansalesandservice.com/,"3802 Devonian Dr, San Angelo, TX 76903",4.8,14,[],,,"['San Angelo', 'Texas']",31.4228312,-100.4442846
Texas,Fredericksburg,Hill Harvest Rainwater,(830) 992-1323,,https://hhrainwater.com/,,,,"['Aqualine galvanized steel water tanks', 'Turnkey rainwater harvesting systems', 'Potable system installations', 'Non-potable system installations', 'Onsite water storage for fighting fires (FDC)', 'Water tanks for low GPM ground water', 'Storm water detention systems', 'Water pump installation', 'Pressure tank installation', 'Sediment filter installation', 'Carbon filter installation', 'UV disinfection installation', 'Aqualine water tanks', 'American-made galvanized steel', 'Bartlett liners', 'Tank roof options (dome', '10 degree', '30 degree)', 'Tank sizes 1', '500–65', '000 gallons', '20-year warranty']",NSF/ANSI Standard 53,"Potable applications, Non-potable applications, Onsite water storage for fighting fires, Water tanks for low GPM ground water, Storm water detention",[],30.5307125,-99.5504204
Texas,San Antonio,Barrels For Sale,(559) 997-3682,,https://www.barrelsforsale.net/,"2610 SE Loop 410 Acc Rd, San Antonio, TX 78222",4.8,121,"['Barrels', 'IBC tanks', 'Water tanks', 'Metal containers', 'Plastic containers', 'Refurbishing and repurposing containers', 'Pickup and removal of barrels and tanks', 'Rainwater harvesting supplies', 'Refurbished containers', 'Eco-friendly container solutions', 'Water storage', 'Rainwater harvesting']",,"Households, Businesses","['San Antonio', 'Texas']",29.3948001,-98.3886218
Texas,Weatherford,Resource Rangers,(817) 729-4506,,https://resourcerangers.com/,"1201 S Main St Suite 100, Weatherford, TX 76086",5,2,"['Rainwater collection systems', 'Turnkey solutions', 'Site visits and customized quotes', 'System design from plans and satellite photos', 'Planning', 'Installation', 'Storage tanks (500–150', '000 gallons)', 'Water pumps', 'UV/Filter systems', 'PVC conveyance', 'Rainwater harvesting', 'Turnkey rainwater systems', 'Storage tanks (500–150', '000 gallons)', 'UV/Filter systems', 'Gravity-fed PVC conveyance', 'System design from plans and satellite photos']",,"Residential, Commercial",[],31.4204208,-101.7873554
Texas,Houston,Rainwater Harvesting Houston,(832) 423-8425,,http://rainwaterharvestinghouston.com/,,,,"['system design', 'design consultation', 'drawings', 'turn-key installation', 'permitting', 'estimation', 'construction integration', 'potable and non-potable system installation', '500-gallon to 30', '000+ gallon systems', 'above-ground arrangements', 'below-ground arrangements', 'potable systems', 'non-potable systems']",,"residential, farm, commercial","['Southeast Texas', 'Houston', 'Brenham', 'Caldwell', 'Lufkin']",31.1689103,-100.0768425
Texas,Spring Branch,Lone Star Rain Systems,(830) 946-9225,,http://www.lonestarrainsystems.com/,,4.8,22,"['Gutter installation', 'Rainwater collection system consultation', 'Rainwater system installation', 'Rainwater system servicing', 'Rainwater systems integration', 'Financing options', 'Customizable rainwater collection solutions', 'In-house installation', 'Systems designed for easy expansion', 'Background-checked and drug-tested staff', 'Commitment to safety and integrity']",,"Homeowners, Home Builders, Landscape Designers",['Texas Hill Country'],29.7402675,-98.4741335
Utah,Tooele,"American Tank Co., Inc. - Norwesco Master Distributor",(800) 655-9100,,http://www.watertanks.com/,"90 S 1200 W, Tooele, UT 84074",,,"['Rain water harvesting tanks', 'Norwesco tanks', 'Classic corrugated tanks', 'Tank sales', 'Water tanks', 'Rain water harvesting', 'Corrugated tanks']","Licensed, Insured",,[],40.5278339,-112.3304601
Utah,Draper,Easy Rain,(801) 971-9846,,http://myeasyrain.com/,"13894 S Bangerter Pkwy Ste 200, Draper, UT 84020",4.6,88,"['Rainwater collection systems', 'Rainwater purification', 'Rain gutter installation', 'Rain gutter repair', 'Stainless steel gutter guard installation', 'Raised garden box systems', 'Heat cable systems', 'Snow rails installation', 'Satellite dish removal', '5 and 6 inch Seamless K-Style Gutters', 'Stainless steel gutter guards', 'Rain collection and purification', 'Systems sized 50 to 2500 gallons', 'Raised garden box systems', 'Heat cable systems', 'Snow rails']",,"Residential, Commercial, Homeowners, Businesses","['Draper', 'Utah']",40.4989692,-111.8854307
Utah,Salt Lake City,Steve Regan Company,(801) 268-4500,,https://www.steveregan.com/,"4215 S 500 W, Salt Lake City, UT 84123",4.4,146,"['fertilizers', 'animal feed', 'hardware', 'greenhouse supplies', 'expert assistance', 'customer service', 'fertilizers', 'animal feed', 'greenhouse supplies']",,,[],40.6797392,-111.9048672
Utah,Cedar City,Hero Services | Septic Pumping | Portable Toilets,(435) 590-2756,,https://southernutahseptic.com/,,4,2,"['septic pumping and cleaning', 'cesspool pumping', 'hydro-jetting lines', 'minor root removal', 'inlet and outlet line repairs', 'riser installation', 'RV pumping and dumping', 'portable waste disposal', 'portable toilets (including handicap units)', 'external hand wash stations', 'portable handwashing stations', 'portable water storage', 'temporary portable water systems', 'temporary holding systems', 'temporary portable wastewater holding tanks', 'trailer-mounted portable toilets', 'cesspool pumping', 'hydro-jetting', 'RV pumping and dumping', 'portable toilets', 'handicap portable toilets', 'external hand wash stations', 'portable water systems', 'temporary holding systems', 'trailer-mounted portable toilets', 'riser installation', 'sanitation processes']",health department approved,"Residential, Commercial, Events, Special events, Construction, Emergency services, RVs, Temporary construction job trailers, Office trailers, Restroom trailers","['Cedar City', 'ST George', 'Beaver UT', 'Parowan', 'Enoch', 'Brian Head', 'Newcastle UT', 'Enterprise UT', 'Hamiltons Fort UT', 'Kanarraville UT', 'New Harmony UT', 'Panguitch UT', 'Duck Creek Village UT', 'Minersville UT', 'Pintura UT', 'Toquerville UT', 'Leeds UT', 'La Verkin UT', 'Virgin UT', 'Hurricane UT', 'Springdale UT', 'Rockville UT', 'Apple Valley UT', 'Washington UT', 'Santa Clara UT', 'Ivins']",37.654125,-113.231847
Utah,Salt Lake County,Butter Gutters,(801) 574-8383,,http://butterguttersslc.com/,,5,6,"['Gutter installation', 'Gutter cleaning', 'Gutter repair', 'Gutter filters', 'Leaf guard installation', '5 inch K-style gutters', '6 inch K-style gutters', 'Color options', 'Leaf guards', 'Debris', 'leaves and sediment removal']",,Residential,['Salt Lake County'],40.7358291,-111.8995555
Virginia,Martinsville,"Metal Rain Tanks, LLC",(276) 252-8700,,http://metalraintanks.com/,"221 Bridge St S, Martinsville, VA 24112",,,"['stainless steel rainwater tanks', 'stainless steel rain barrels', 'water storage tanks for rainwater', 'durable water storage', 'rust-resistant stainless steel tanks', 'components approved for drinking water']",approved for drinking water,"Residential, Commercial",[],36.6866031,-79.8755773
Virginia,Norfolk,C & M Industries Inc,(757) 626-1141,,http://www.candmind.com/,"739 East End Ave, Norfolk, VA 23504",4.5,6,"['waste water', 'used oil', 'waste water recycling', 'oil recycling', 'logistics', 'transport by land', 'transport by sea', 'waste water recycling', 'oil recycling', 'full-service waste water and oil solutions', 'logistics', 'land or sea transport', 'turns waste into reuse']",,,[],36.8412431,-76.2450762
Washington,Deer Harbor,Raincatchment Solutions,(360) 376-2552,,http://www.raincatchment.com/,"155 Channel Rd, Deer Harbor, WA 98243",,,"['poly tanks', 'rain barrels', 'filters and treatment', 'larger storage tanks', 'pillow tanks', 'bladder tanks', 'water info & facts']",,,[],48.6259435,-123.0029833
Washington,Seattle,Product Water / Rain Experts / Seattle,(206) 450-0231,,http://www.productwater.com/,,5,12,"['Rainwater harvesting systems', 'Rainwater collection systems', 'RainWise water system installation', 'Cistern projects', 'Tank hookup', 'System design', 'System installation', 'System maintenance', 'Consultation', 'RainWise rebate navigation', 'Water diversion systems', 'Environmentally conscious irrigation', 'Tailored solutions', 'System optimization', 'Tank hookups']",,"Homeowners, First-time homeowners, Property owners, Environment-conscious homeowners",['Seattle'],46.9208958,-122.501988
Washington,Federal Way,Leafless in Seattle,(800) 503-7597,,https://www.leaflessinseattle.com/?utm_source=google&utm_medium=local&utm_campaign=seattle,"33631 9th Ave S, Federal Way, WA 98003",4.6,56,"['gutter protection installation', 'gutter installation', 'LeaflessGutter™ Shield Master gutter protection', 'TRUE Lifetime Gutter Protection', 'handling heavy rainfall', 'handling unique foliage', 'keeping gutters flowing']",,Homeowners,"['Seattle', 'Kent', 'Tacoma', 'Washington']",47.299904,-122.3237659
Wisconsin,Mequon,"MIDWEST TANKER LEASING, LLC",(262) 242-1140,,http://midwesttankerleasing.com/,"9838 N Granville Rd, Mequon, WI 53097",,,['Tanker leasing'],,,[],43.1976207,-88.0423273
Wisconsin,Janesville,Aquatic Innovators LLC,(608) 373-7040,,http://www.aquaticinnovators.com/,"4321 E Maple Lane Rd, Janesville, WI 53546",4.8,6,"['Design', 'Installation', 'Construction', 'Renovation', 'Maintenance', 'Consulting', 'Product supply for DIY', 'Pond maintenance', 'Water feature construction', 'Rainwater harvesting system installation', 'Stormwater management', 'Landscaping', 'Patio installation', 'Free estimates/consultations', 'Water gardens', 'Ponds', 'Streams', 'Waterfalls', 'Water features', 'Rainwater harvesting', 'Aquascape RainXchange™ harvesting systems', 'Sub-surface rainwater collection', 'Recirculating decorative water features', 'Low-maintenance systems']","Certified Aquascape Contractors (CAC), Certified RainXchange Professionals (CRP)","Residential, Commercial, Do-it-yourselfers",['South Central Wisconsin'],42.6185824,-88.9602316
California,Hornbrook,Source Water Tanks,(530) 475-2052,,http://sourcewatertanks.com/,,,,"['Plastic water tanks', 'Water storage tanks', 'Water piping', 'Water filtration', 'Sales of water storage tanks', 'Sales of gas-powered water pumps', 'Fire pumps', 'Tank fittings', 'Cross-Buck roof X-brace truss design', 'Banded-side walls', 'Seamless roto-mold one-piece build', '26"" heavy-duty manhole lid', 'Two heavy-duty connection fittings', 'Drinking-water safe NSF interior', 'BPA free', 'Self-priming pumps', 'Built-in check valve with double volute', 'Glass-reinforced polyester pump construction']","NSF stamped, ANSI compliant",,"""['Big Springs, CA', 'Callahan, CA', 'Carrick, CA', 'Crescent City, CA', 'Dunsmuir, CA', 'Etna, CA', 'Fort Jones, CA', 'Grenada, CA', 'Gazelle, CA', 'Happy Camp, CA', 'Hamburg, CA', 'Hilt, CA', 'Hornbrook, CA', 'Klamath River, CA (Hwy 96)', 'McCloud, CA', 'Montague, CA', 'Mount Shasta, CA', 'Scott Bar, CA', 'Seiad Valley, CA', 'Shastina, CA', 'Smith River, CA', 'Yreka, CA', 'Weed, CA']""",41.994494,-122.7439884